<?xml version="1.0" encoding="UTF-8"?>
<!-- Foundation -->
<window type="window" id="1127">
    <defaultcontrol always="true">9500</defaultcontrol>

    <controls>
        <include>GlobalBackground</include>
        <include>Furniture_Header</include>
        <include>Furniture_NowPlaying</include>
        <include>Furniture_Clock</include>
        <include>Furniture_Weather</include>
        <control type="image">
            <centerleft>40</centerleft>
            <centertop>537</centertop>
            <width>16</width>
            <height>16</height>
            <texture flipx="true">common/arrow-small-right.png</texture>
        </control>
        <control type="image">
            <centerright>40</centerright>
            <centertop>537</centertop>
            <width>16</width>
            <height>16</height>
            <texture flipx="false">common/arrow-small-right.png</texture>
        </control>
        <control type="group">
            <control type="panel" id="9500">
                <left>SidePad</left>
                <right>SidePad</right>
                <top>PosterPad</top>
                <height>640</height>
                <onup>9500</onup>
                <ondown>9500</ondown>
                <onleft>9500</onleft>
                <onright>9500</onright>
                <orientation>horizontal</orientation>
                <scrolltime>200</scrolltime>
                <itemlayout height="160" width="160">
                    <control type="image">
                        <left>0</left>
                        <top>0</top>
                        <bottom>0</bottom>
                        <right>0</right>
                        <texture>$INFO[ListItem.Thumb]</texture>
                    </control>
                    <control type="image">
                        <left>0</left>
                        <top>0</top>
                        <bottom>0</bottom>
                        <right>0</right>
                        <texture colordiffuse="Highlight">common/white.png</texture>
                        <visible>StringCompare(ListItem.Thumb,special://skin/extras/icons/error.png)</visible>
                    </control>
                    <control type="image">
                        <centerright>24</centerright>
                        <centertop>24</centertop>
                        <width>32</width>
                        <height>32</height>
                        <aspectratio aligny="top">keep</aspectratio>
                        <visible>[StringCompare(ListItem.Label,Skin.String(focuscolor.name)) + !StringCompare(ListItem.Label2,selected)]</visible>
                        <visible>!StringCompare(ListItem.Thumb,special://skin/extras/icons/error.png) | IsEmpty(Skin.String(focuscolor.name))</visible>
                        <texture colordiffuse="ff000000">indicator/checkmark.png</texture>
                    </control>
                    <control type="image">
                        <centerright>24</centerright>
                        <centertop>24</centertop>
                        <width>32</width>
                        <height>32</height>
                        <aspectratio aligny="top">keep</aspectratio>
                        <visible>StringCompare(ListItem.Thumb,special://skin/extras/icons/error.png)</visible>
                        <texture colordiffuse="ff000000">indicator/new.png</texture>
                    </control>
                </itemlayout>
                <focusedlayout height="160" width="160">

                    <control type="image">
                        <left>0</left>
                        <top>0</top>
                        <bottom>0</bottom>
                        <right>0</right>
                        <texture>$INFO[ListItem.Thumb]</texture>
                        <bordertexture>common/white.png</bordertexture>
                        <bordersize>7</bordersize>
                    </control>
                    <control type="image">
                        <left>0</left>
                        <top>0</top>
                        <bottom>0</bottom>
                        <right>0</right>
                        <texture colordiffuse="Highlight">common/white.png</texture>
                        <visible>StringCompare(ListItem.Thumb,special://skin/extras/icons/error.png)</visible>
                        <bordertexture>common/white.png</bordertexture>
                        <bordersize>7</bordersize>
                    </control>
                    <control type="image">
                        <centerright>24</centerright>
                        <centertop>24</centertop>
                        <width>32</width>
                        <height>32</height>
                        <aspectratio aligny="top">keep</aspectratio>
                        <visible>[StringCompare(ListItem.Label,Skin.String(focuscolor.name)) + !StringCompare(ListItem.Label2,selected)]</visible>
                        <visible>!StringCompare(ListItem.Thumb,special://skin/extras/icons/error.png) | IsEmpty(Skin.String(focuscolor.name))</visible>
                        <texture colordiffuse="ff000000">indicator/checkmark.png</texture>
                    </control>
                    <control type="image">
                        <centerright>24</centerright>
                        <centertop>24</centertop>
                        <width>32</width>
                        <height>32</height>
                        <aspectratio aligny="top">keep</aspectratio>
                        <visible>StringCompare(ListItem.Thumb,special://skin/extras/icons/error.png)</visible>
                        <texture colordiffuse="ff000000">indicator/new.png</texture>
                    </control>
                </focusedlayout>
                <content>
                    <item id="0"> <!-- default -->
                        <onclick>Skin.Reset(focuscolor.name)</onclick>
                        <onclick>Close</onclick>
                        <thumb>special://skin/extras/icons/error.png</thumb>
                        <label>571</label>
                    </item>
                    <item id="2"> <!--green 1 -->
                        <onclick>Skin.SetString(focuscolor.name,FF93ce5f)</onclick>
                        <onclick>Close</onclick>
                        <thumb>special://skin/extras/colours/FF93ce5f.png</thumb>
                        <label>FF93ce5f</label>
                    </item>
                    <item id="3"> <!--green 2 -->
                        <onclick>Skin.SetString(focuscolor.name,FF80d535)</onclick>
                        <onclick>Close</onclick>
                        <thumb>special://skin/extras/colours/FF80d535.png</thumb>
                        <label>FF80d535 </label>
                    </item>
                    <item id="4"> <!--green 3 -->
                        <onclick>Skin.SetString(focuscolor.name,FF6dbd25)</onclick>
                        <onclick>Close</onclick>
                        <thumb>special://skin/extras/colours/FF6dbd25.png</thumb>
                        <label>FF6dbd25</label>
                    </item>
                    <item id="5"> <!--green 4 -->
                        <onclick>Skin.SetString(focuscolor.name,FF5eb113)</onclick>
                        <onclick>Close</onclick>
                        <thumb>special://skin/extras/colours/FF5eb113.png</thumb>
                        <label>FF5eb113</label>
                    </item>
                    <item id="6"> <!--green 5 -->
                        <onclick>Skin.SetString(focuscolor.name,FF5aa615)</onclick>
                        <onclick>Close</onclick>
                        <thumb>special://skin/extras/colours/FF5aa615.png</thumb>
                        <label>FF5aa615</label>
                    </item>
                    <item id="7"> <!--green 6 -->
                        <onclick>Skin.SetString(focuscolor.name,FF69a013)</onclick>
                        <onclick>Close</onclick>
                        <thumb>special://skin/extras/colours/FF69a013.png</thumb>
                        <label>FF69a013</label>
                    </item>
                    <item id="8"> <!--green 7 -->
                        <onclick>Skin.SetString(focuscolor.name,FF91ad10)</onclick>
                        <onclick>Close</onclick>
                        <thumb>special://skin/extras/colours/FF91ad10.png</thumb>
                        <label>FF91ad10</label>
                    </item>
                    <item id="9"> <!--green 8 -->
                        <onclick>Skin.SetString(focuscolor.name,FFa3b90f)</onclick>
                        <onclick>Close</onclick>
                        <thumb>special://skin/extras/colours/FFa3b90f.png</thumb>
                        <label>FFa3b90f</label>
                    </item>
                    <item id="10"> <!--green 9 -->
                        <onclick>Skin.SetString(focuscolor.name,FFb5c814)</onclick>
                        <onclick>Close</onclick>
                        <thumb>special://skin/extras/colours/FFb5c814.png</thumb>
                        <label>FFb5c814</label>
                    </item>
                    <item id="11"> <!--green 10 -->
                        <onclick>Skin.SetString(focuscolor.name,FFc7d92b)</onclick>
                        <onclick>Close</onclick>
                        <thumb>special://skin/extras/colours/FFc7d92b.png</thumb>
                        <label>FFc7d92b</label>
                    </item>
                    <item id="12"> <!--green 11 -->
                        <onclick>Skin.SetString(focuscolor.name,FFdde339)</onclick>
                        <onclick>Close</onclick>
                        <thumb>special://skin/extras/colours/FFdde339.png</thumb>
                        <label>FFdde339</label>
                    </item>
                    <item id="13"> <!--green 12 -->
                        <onclick>Skin.SetString(focuscolor.name,FFe8ef23)</onclick>
                        <onclick>Close</onclick>
                        <thumb>special://skin/extras/colours/FFe8ef23.png</thumb>
                        <label>FFe8ef23</label>
                    </item>
                    <item id="14"> <!--yellow 1 -->
                        <onclick>Skin.SetString(focuscolor.name,FFfed530)</onclick>
                        <onclick>Close</onclick>
                        <thumb>special://skin/extras/colours/FFfed530.png</thumb>
                        <label>FFfed530</label>
                    </item>
                    <item id="15"> <!--yellow 2 -->
                        <onclick>Skin.SetString(focuscolor.name,FFffcc00)</onclick>
                        <onclick>Close</onclick>
                        <thumb>special://skin/extras/colours/FFffcc00.png</thumb>
                        <label>FFffcc00</label>
                    </item>
                    <item id="16"> <!--yellow 3 -->
                        <onclick>Skin.SetString(focuscolor.name,FFebbd04)</onclick>
                        <onclick>Close</onclick>
                        <thumb>special://skin/extras/colours/FFebbd04.png</thumb>
                        <label>FFebbd04</label>
                    </item>
                    <item id="17"> <!--yellow 4 -->
                        <onclick>Skin.SetString(focuscolor.name,FFe0b403)</onclick>
                        <onclick>Close</onclick>
                        <thumb>special://skin/extras/colours/FFe0b403.png</thumb>
                        <label>FFe0b403</label>
                    </item>
                    <item id="18"> <!--yellow 5 -->
                        <onclick>Skin.SetString(focuscolor.name,FFd1a408)</onclick>
                        <onclick>Close</onclick>
                        <thumb>special://skin/extras/colours/FFd1a408.png</thumb>
                        <label>FFd1a408</label>
                    </item>
                    <item id="19"> <!--orange 1 -->
                        <onclick>Skin.SetString(focuscolor.name,FFf6983c)</onclick>
                        <onclick>Close</onclick>
                        <thumb>special://skin/extras/colours/FFf6983c.png</thumb>
                        <label>FFf6983c</label>
                    </item>
                    <item id="20"> <!--orange 2 -->
                        <onclick>Skin.SetString(focuscolor.name,FFff9329)</onclick>
                        <onclick>Close</onclick>
                        <thumb>special://skin/extras/colours/FFff9329.png</thumb>
                        <label>FFff9329</label>
                    </item>
                    <item id="21"> <!--orange 3 -->
                        <onclick>Skin.SetString(focuscolor.name,FFfb8512)</onclick>
                        <onclick>Close</onclick>
                        <thumb>special://skin/extras/colours/FFfb8512.png</thumb>
                        <label>FFfb8512</label>
                    </item>
                    <item id="22"> <!--orange 4 -->
                        <onclick>Skin.SetString(focuscolor.name,FFee7b0a)</onclick>
                        <onclick>Close</onclick>
                        <thumb>special://skin/extras/colours/FFee7b0a.png</thumb>
                        <label>FFee7b0a</label>
                    </item>
                    <item id="23"> <!--orange 5 -->
                        <onclick>Skin.SetString(focuscolor.name,FFf16816)</onclick>
                        <onclick>Close</onclick>
                        <thumb>special://skin/extras/colours/FFf16816.png</thumb>
                        <label>FFf16816</label>
                    </item>
                    <item id="24"> <!--orange 6 -->
                        <onclick>Skin.SetString(focuscolor.name,FFf14416)</onclick>
                        <onclick>Close</onclick>
                        <thumb>special://skin/extras/colours/FFf14416.png</thumb>
                        <label>FFf14416</label>
                    </item>
                    <item id="25"> <!--red 1 -->
                        <onclick>Skin.SetString(focuscolor.name,FFe95d4e)</onclick>
                        <onclick>Close</onclick>
                        <thumb>special://skin/extras/colours/FFe95d4e.png</thumb>
                        <label>FFe95d4e</label>
                    </item>
                    <item id="26"> <!--red 2 -->
                        <onclick>Skin.SetString(focuscolor.name,FFed4938)</onclick>
                        <onclick>Close</onclick>
                        <thumb>special://skin/extras/colours/FFed4938.png</thumb>
                        <label>FFed4938</label>
                    </item>
                    <item id="27"> <!--red 3 -->
                        <onclick>Skin.SetString(focuscolor.name,FFe23b29)</onclick>
                        <onclick>Close</onclick>
                        <thumb>special://skin/extras/colours/FFe23b29.png</thumb>
                        <label>FFe23b29</label>
                    </item>
                    <item id="28"> <!--red 4 -->
                        <onclick>Skin.SetString(focuscolor.name,FFed2914)</onclick>
                        <onclick>Close</onclick>
                        <thumb>special://skin/extras/colours/FFed2914.png</thumb>
                        <label>FFed2914</label>
                    </item>
                    <item id="29"> <!--red 5 -->
                        <onclick>Skin.SetString(focuscolor.name,FFe01d08)</onclick>
                        <onclick>Close</onclick>
                        <thumb>special://skin/extras/colours/FFe01d08.png</thumb>
                        <label>FFe01d08</label>
                    </item>
                    <item id="30"> <!--red 6 -->
                        <onclick>Skin.SetString(focuscolor.name,FFc81805)</onclick>
                        <onclick>Close</onclick>
                        <thumb>special://skin/extras/colours/FFc81805.png</thumb>
                        <label>FFc81805</label>
                    </item>
                    <item id="31"> <!--red 7 -->
                        <onclick>Skin.SetString(focuscolor.name,FFc90533)</onclick>
                        <onclick>Close</onclick>
                        <thumb>special://skin/extras/colours/FFc90533.png</thumb>
                        <label>FFc90533</label>
                    </item>
                    <item id="32"> <!--red 8 -->
                        <onclick>Skin.SetString(focuscolor.name,FFcf205a)</onclick>
                        <onclick>Close</onclick>
                        <thumb>special://skin/extras/colours/FFcf205a.png</thumb>
                        <label>FFcf205a</label>
                    </item>
                    <item id="33"> <!--red 9 -->
                        <onclick>Skin.SetString(focuscolor.name,FFd82f76)</onclick>
                        <onclick>Close</onclick>
                        <thumb>special://skin/extras/colours/FFd82f76.png</thumb>
                        <label>FFd82f76</label>
                    </item>
                    <item id="34"> <!--red 10 -->
                        <onclick>Skin.SetString(focuscolor.name,FFe6589e)</onclick>
                        <onclick>Close</onclick>
                        <thumb>special://skin/extras/colours/FFe6589e.png</thumb>
                        <label>FFe6589e</label>
                    </item>
                    <item id="35"> <!--pink 1 -->
                        <onclick>Skin.SetString(focuscolor.name,FFee7fc9)</onclick>
                        <onclick>Close</onclick>
                        <thumb>special://skin/extras/colours/FFee7fc9.png</thumb>
                        <label>FFee7fc9</label>
                    </item>
                    <item id="36"> <!--pink 2 -->
                        <onclick>Skin.SetString(focuscolor.name,FFfd76d0)</onclick>
                        <onclick>Close</onclick>
                        <thumb>special://skin/extras/colours/FFfd76d0.png</thumb>
                        <label>FFfd76d0</label>
                    </item>
                    <item id="37"> <!--pink 3 -->
                        <onclick>Skin.SetString(focuscolor.name,FFfb61c7)</onclick>
                        <onclick>Close</onclick>
                        <thumb>special://skin/extras/colours/FFfb61c7.png</thumb>
                        <label>FFfb61c7</label>
                    </item>
                    <item id="38"> <!--pink 4 -->
                        <onclick>Skin.SetString(focuscolor.name,FFf250bb)</onclick>
                        <onclick>Close</onclick>
                        <thumb>special://skin/extras/colours/FFf250bb.png</thumb>
                        <label>FFf250bb</label>
                    </item>
                    <item id="39"> <!--pink 5 -->
                        <onclick>Skin.SetString(focuscolor.name,FFf038b2)</onclick>
                        <onclick>Close</onclick>
                        <thumb>special://skin/extras/colours/FFf038b2.png</thumb>
                        <label>FFf038b2</label>
                    </item>
                    <item id="40"> <!--pink 6 -->
                        <onclick>Skin.SetString(focuscolor.name,FFeb37d0)</onclick>
                        <onclick>Close</onclick>
                        <thumb>special://skin/extras/colours/FFeb37d0.png</thumb>
                        <label>FFeb37d0</label>
                    </item>
                    <item id="41"> <!--pink 7 -->
                        <onclick>Skin.SetString(focuscolor.name,FFdf3ae9)</onclick>
                        <onclick>Close</onclick>
                        <thumb>special://skin/extras/colours/FFdf3ae9.png</thumb>
                        <label>FFdf3ae9</label>
                    </item>
                    <item id="42"> <!--pink 8 -->
                        <onclick>Skin.SetString(focuscolor.name,FFdd53ed)</onclick>
                        <onclick>Close</onclick>
                        <thumb>special://skin/extras/colours/FFdd53ed.png</thumb>
                        <label>FFdd53ed</label>
                    </item>
                    <item id="43"> <!--purple 1 -->
                        <onclick>Skin.SetString(focuscolor.name,FFb47bdc)</onclick>
                        <onclick>Close</onclick>
                        <thumb>special://skin/extras/colours/FFb47bdc.png</thumb>
                        <label>FFb47bdc</label>
                    </item>
                    <item id="44"> <!--purple 2 -->
                        <onclick>Skin.SetString(focuscolor.name,FFaf6bdf)</onclick>
                        <onclick>Close</onclick>
                        <thumb>special://skin/extras/colours/FFaf6bdf.png</thumb>
                        <label>FFaf6bdf</label>
                    </item>
                    <item id="45"> <!--purple 3 -->
                        <onclick>Skin.SetString(focuscolor.name,FFa45bd7)</onclick>
                        <onclick>Close</onclick>
                        <thumb>special://skin/extras/colours/FFa45bd7.png</thumb>
                        <label>FFa45bd7</label>
                    </item>
                    <item id="46"> <!--purple 4 -->
                        <onclick>Skin.SetString(focuscolor.name,FF9544ce)</onclick>
                        <onclick>Close</onclick>
                        <thumb>special://skin/extras/colours/FF9544ce.png</thumb>
                        <label>FF9544ce</label>
                    </item>
                    <item id="47"> <!--purple 5 -->
                        <onclick>Skin.SetString(focuscolor.name,FF862ec3)</onclick>
                        <onclick>Close</onclick>
                        <thumb>special://skin/extras/colours/FF862ec3.png</thumb>
                        <label>FF862ec3</label>
                    </item>
                    <item id="48"> <!--purple 6 -->
                        <onclick>Skin.SetString(focuscolor.name,FF6d2ac8)</onclick>
                        <onclick>Close</onclick>
                        <thumb>special://skin/extras/colours/FF6d2ac8.png</thumb>
                        <label>FF6d2ac8</label>
                    </item>
                    <item id="49"> <!--purple 7 -->
                        <onclick>Skin.SetString(focuscolor.name,FF5334da)</onclick>
                        <onclick>Close</onclick>
                        <thumb>special://skin/extras/colours/FF5334da.png</thumb>
                        <label>FF5334da</label>
                    </item>
                    <item id="50"> <!--purple 8 -->
                        <onclick>Skin.SetString(focuscolor.name,FF305bd4)</onclick>
                        <onclick>Close</onclick>
                        <thumb>special://skin/extras/colours/FF305bd4.png</thumb>
                        <label>FF305bd4</label>
                    </item>
                    <item id="51"> <!--purple 9 -->
                        <onclick>Skin.SetString(focuscolor.name,FF3d70d7)</onclick>
                        <onclick>Close</onclick>
                        <thumb>special://skin/extras/colours/FF3d70d7.png</thumb>
                        <label>FF3d70d7</label>
                    </item>
                    <item id="52"> <!--purple 10 -->
                        <onclick>Skin.SetString(focuscolor.name,FF4b82de)</onclick>
                        <onclick>Close</onclick>
                        <thumb>special://skin/extras/colours/FF4b82de.png</thumb>
                        <label>FF4b82de</label>
                    </item>
                    <item id="53"> <!--blue 1 -->
                        <onclick>Skin.SetString(focuscolor.name,FF87cbf6)</onclick>
                        <onclick>Close</onclick>
                        <thumb>special://skin/extras/colours/FF87cbf6.png</thumb>
                        <label>FF87cbf6</label>
                    </item>
                    <item id="54"> <!--blue 2 -->
                        <onclick>Skin.SetString(focuscolor.name,FF6ebff1)</onclick>
                        <onclick>Close</onclick>
                        <thumb>special://skin/extras/colours/FF6ebff1.png</thumb>
                        <label>FF6ebff1</label>
                    </item>
                    <item id="55"> <!--blue 3 -->
                        <onclick>Skin.SetString(focuscolor.name,FF4bb4f6)</onclick>
                        <onclick>Close</onclick>
                        <thumb>special://skin/extras/colours/FF4bb4f6.png</thumb>
                        <label>FF4bb4f6</label>
                    </item>
                    <item id="56"> <!--blue 4 -->
                        <onclick>Skin.SetString(focuscolor.name,FF3ea6e8)</onclick>
                        <onclick>Close</onclick>
                        <thumb>special://skin/extras/colours/FF3ea6e8.png</thumb>
                        <label>FF3ea6e8</label>
                    </item>
                    <item id="57"> <!--blue 5 -->
                        <onclick>Skin.SetString(focuscolor.name,FF2d95d7)</onclick>
                        <onclick>Close</onclick>
                        <thumb>special://skin/extras/colours/FF2d95d7.png</thumb>
                        <label>FF2d95d7</label>
                    </item>
                    <item id="58"> <!--blue 6 -->
                        <onclick>Skin.SetString(focuscolor.name,FF2dadd7)</onclick>
                        <onclick>Close</onclick>
                        <thumb>special://skin/extras/colours/FF2dadd7.png</thumb>
                        <label>FF2dadd7</label>
                    </item>
                    <item id="59"> <!--blue 7 -->
                        <onclick>Skin.SetString(focuscolor.name,FF34c4d9)</onclick>
                        <onclick>Close</onclick>
                        <thumb>special://skin/extras/colours/FF34c4d9.png</thumb>
                        <label>FF34c4d9</label>
                    </item>
                    <item id="71"> <!--cyan 1 -->
                        <onclick>Skin.SetString(focuscolor.name,FF00ffff)</onclick>
                        <onclick>Close</onclick>
                        <thumb>special://skin/extras/colours/FF00ffff.png</thumb>
                        <label>FF00ffff</label>
                    </item>
                    <item id="60"> <!--aqua 1 -->
                        <onclick>Skin.SetString(focuscolor.name,FF5aeadb)</onclick>
                        <onclick>Close</onclick>
                        <thumb>special://skin/extras/colours/FF5aeadb.png</thumb>
                        <label>FF5aeadb</label>
                    </item>
                    <item id="61"> <!--aqua 2 -->
                        <onclick>Skin.SetString(focuscolor.name,FF45e5c9)</onclick>
                        <onclick>Close</onclick>
                        <thumb>special://skin/extras/colours/FF45e5c9.png</thumb>
                        <label>FF45e5c9</label>
                    </item>
                    <item id="62"> <!--aqua 3 -->
                        <onclick>Skin.SetString(focuscolor.name,FF2ae1b8)</onclick>
                        <onclick>Close</onclick>
                        <thumb>special://skin/extras/colours/FF2ae1b8.png</thumb>
                        <label>FF2ae1b8</label>
                    </item>
                    <item id="63"> <!--aqua 4 -->
                        <onclick>Skin.SetString(focuscolor.name,FF19dca7)</onclick>
                        <onclick>Close</onclick>
                        <thumb>special://skin/extras/colours/FF19dca7.png</thumb>
                        <label>FF19dca7</label>
                    </item>
                    <item id="64"> <!--aqua 5 -->
                        <onclick>Skin.SetString(focuscolor.name,FF0fd39e)</onclick>
                        <onclick>Close</onclick>
                        <thumb>special://skin/extras/colours/FF0fd39e.png</thumb>
                        <label>FF0fd39e</label>
                    </item>
                    <item id="65"> <!--aqua 6 -->
                        <onclick>Skin.SetString(focuscolor.name,FF0fd382)</onclick>
                        <onclick>Close</onclick>
                        <thumb>special://skin/extras/colours/FF0fd382.png</thumb>
                        <label>FF0fd382</label>
                    </item>
                    <item id="66"> <!--aqua 7 -->
                        <onclick>Skin.SetString(focuscolor.name,FF18ca74)</onclick>
                        <onclick>Close</onclick>
                        <thumb>special://skin/extras/colours/FF18ca74.png</thumb>
                        <label>FF18ca74</label>
                    </item>
                    <item id="67"> <!--aqua 8 -->
                        <onclick>Skin.SetString(focuscolor.name,FF2ad96c)</onclick>
                        <onclick>Close</onclick>
                        <thumb>special://skin/extras/colours/FF2ad96c.png</thumb>
                        <label>FF2ad96c</label>
                    </item>
                    <item id="68"> <!--aqua 9 -->
                        <onclick>Skin.SetString(focuscolor.name,FF3ee672)</onclick>
                        <onclick>Close</onclick>
                        <thumb>special://skin/extras/colours/FF3ee672.png</thumb>
                        <label>FF3ee672</label>
                    </item>
                    <item id="69"> <!--aqua 10 -->
                        <onclick>Skin.SetString(focuscolor.name,FF5aec72)</onclick>
                        <onclick>Close</onclick>
                        <thumb>special://skin/extras/colours/FF5aec72.png</thumb>
                        <label>FF5aec72</label>
                    </item>
                    <item id="70"> <!--aqua 11 -->
                        <onclick>Skin.SetString(focuscolor.name,FF67e964)</onclick>
                        <onclick>Close</onclick>
                        <thumb>special://skin/extras/colours/FF67e964.png</thumb>
                        <label>FF67e964</label>
                    </item>
                </content>
            </control>
        </control>
    </controls>
</window>