<?xml version="1.0" encoding="UTF-8"?>
<!-- Foundation -->
<window>

    <controls>
        <control type="group">
            <animation effect="fade" start="100" end="0" time="400" condition="Window.IsVisible(SliderDialog)">Conditional</animation>
            <include>GlobalOverlay</include>
        </control>
        <control type="group">
            <animation effect="fade" start="100" end="0" time="400" condition="Window.IsVisible(SliderDialog)">Conditional</animation>
            <height>866</height>
            <width>1100</width>
            <include>DefDialogInfoPanel</include>

            <control type="label" id="2">
                <description>Header Label</description>
                <centerleft>50%</centerleft>
                <width>1000</width>
                <align>center</align>
                <posy>15</posy>
                <font>MediumBold</font>
            </control>

            <control type="grouplist" id="5">
                <description>Control Area</description>
                <left>15</left>
                <right>15</right>
                <top>100</top>
                <height>618</height>
                <itemgap>3</itemgap>
                <orientation>vertical</orientation>
                <pagecontrol>60</pagecontrol>
                <onleft>8000</onleft>
                <onright>8000</onright>
                <onup>8000</onup>
                <ondown>8000</ondown>
            </control>
            <control type="grouplist" id="8000">
                <bottom>30</bottom>
                <orientation>horizontal</orientation>
                <height>66</height>
                <itemgap>30</itemgap>
                <width>100%</width>
                <align>center</align>
                <onup>5</onup>
                <ondown>5</ondown>
                <control type="button" id="28">
                    <description>OK</description>
                    <width>270</width>
                    <font>Button</font>
                    <texturefocus colordiffuse="$VAR[ColorHighlight]" border="5">common/box.png</texturefocus>
                    <texturenofocus colordiffuse="Black12" border="5">common/box.png</texturenofocus>
                </control>
                <control type="button" id="29">
                    <description>Defaults</description>
                    <width>270</width>
                    <font>Button</font>
                    <texturefocus colordiffuse="$VAR[ColorHighlight]" border="5">common/box.png</texturefocus>
                    <texturenofocus colordiffuse="Black12" border="5">common/box.png</texturenofocus>
                </control>
                <control type="button" id="30">
                    <description>Defaults</description>
                    <width>270</width>
                    <font>Button</font>
                    <texturefocus colordiffuse="$VAR[ColorHighlight]" border="5">common/box.png</texturefocus>
                    <texturenofocus colordiffuse="Black12" border="5">common/box.png</texturenofocus>
                </control>
            </control>

            <control type="button" id="7">
                <description>Default Button</description>
                <align>left</align>
                <texturefocus colordiffuse="$VAR[ColorHighlight]" border="8">common/box.png</texturefocus>
            </control>

            <control type="radiobutton" id="8">
                <description>Default RadioButton</description>
                <align>left</align>
                <radioposx>1010</radioposx>
                <texturefocus colordiffuse="$VAR[ColorHighlight]" border="8">common/box.png</texturefocus>
            </control>

            <control type="spincontrolex" id="9">
                <description>Default spincontrolex</description>
                <align>left</align>
                <reverse>yes</reverse>
                <texturefocus colordiffuse="$VAR[ColorHighlight]" border="8">common/box.png</texturefocus>
            </control>

            <control type="image" id="11">
                <visible>false</visible>
            </control>

            <control type="edit" id="12">
                <description>Default Button</description>
                <align>left</align>
                <texturefocus colordiffuse="$VAR[ColorHighlight]" border="8">common/box.png</texturefocus>
            </control>

            <control type="sliderex" id="13">
                <description>Default Slider</description>
                <texturefocus colordiffuse="$VAR[ColorHighlight]" border="8">common/box.png</texturefocus>
            </control>

            <control type="label" id="14">
                <description>Default Button</description>
                <align>left</align>
                <texturefocus colordiffuse="$VAR[ColorHighlight]" border="8">common/box.png</texturefocus>
            </control>



        </control>

    </controls>

</window>
