<?xml version="1.0" encoding="UTF-8"?>
<!-- Foundation -->
<window id="145">
    <defaultcontrol always="true">11</defaultcontrol>

    <zorder>5</zorder>

    <controls>
        <control type="group">
            <include>Animation.FadeIn.Slide</include>
            <centerleft>50%</centerleft>
            <posy>-20</posy>
            <width>680</width>
            <height>182</height>
            <control type="image">
                <left>-8</left>
                <right>-8</right>
                <top>-8</top>
                <bottom>-8</bottom>
                <colordiffuse>$VAR[OSDPanel]</colordiffuse>
                <animation effect="fade" start="100" end="90" condition="Skin.HasSetting(osd.usetheme)">Conditional</animation>
                <texture border="16">common/rounded-shadow8.png</texture>
            </control>

            <control type="label" id="10">
                <description>Heading</description>
                <top>20</top>
                <left>30</left>
                <right>30</right>
                <font>MediumBold</font>
                <textcolor>$VAR[OSDPanelWhite70]</textcolor>
            </control>

            <control type="label" id="12">
                <description>Label</description>
                <top>20</top>
                <left>30</left>
                <right>30</right>
                <font>SmallBold</font>
                <textcolor>$VAR[OSDPanelWhite70]</textcolor>
                <align>right</align>
            </control>

            <control type="slider" id="11">
                <description>Slider</description>
                <posy>120</posy>
                <left>30</left>
                <width>620</width>
                <onleft>11</onleft>
                <onright>11</onright>
            </control>

        </control>

    </controls>

</window>
