<?xml version="1.0" encoding="UTF-8"?>
<!-- Foundation -->
<window id="2">
    <defaultcontrol always="true">50</defaultcontrol>
    <menucontrol>9000</menucontrol>
    <views>50,500</views>

    <controls>

        <include>GlobalBackground</include>

        <include>Furniture_Header</include>
        <include>Furniture_NowPlaying</include>
        <include>Furniture_Clock</include>
        <include>Furniture_Weather</include>
        <include>View_50_List_Square</include>
        <include>View_500_Thumbnails</include>

        <control type="group">
            <include>Animation.FadeIn</include>
            <include>Animation.FadeOut</include>
            <visible>ControlGroup(9000).HasFocus()</visible>
            <include>GlobalOverlay</include>
        </control>
        <control type="group">
            <include>Def9000Background</include>
            <control type="grouplist" id="9000">
                <include>Def9000GroupList</include>

                <control type="button" id="2">
                    <description>View</description>
                    <include>DefContextButton</include>
                    <align>left</align>
                </control>

                <control type="button" id="3">
                    <description>Sort</description>
                    <include>DefContextButton</include>
                    <align>left</align>
                </control>

                <control type="togglebutton" id="4">
                    <description>Ascending</description>
                    <include>DefContextButton</include>
                    <align>left</align>
                    <label>584</label>
                    <altlabel>585</altlabel>
                </control>

                <control type="button" id="6">
                    <description>Slideshow</description>
                    <include>DefContextButton</include>
                    <align>left</align>
                    <label>108</label>
                    <visible>!ListItem.IsFolder</visible>
                </control>

                <control type="button" id="7">
                    <description>Recursive Slideshow</description>
                    <include>DefContextButton</include>
                    <align>left</align>
                    <label>108</label>
                    <visible>ListItem.IsFolder</visible>
                </control>

                <control type="radiobutton" id="9">
                    <description>Randomise</description>
                    <include>DefContextButton</include>
                    <align>left</align>
                    <label>13319</label>
                </control>

            </control>

        </control>

    </controls>

</window>
