<window type="dialog">
    <defaultcontrol always="true">9500</defaultcontrol>
    <backgroundcolor>0</backgroundcolor>

    <controls>
        <include>GlobalBackground</include>
        <include>Furniture_Header</include>
        <include>Furniture_NowPlaying</include>
        <include>Furniture_Clock</include>
        <include>Furniture_Flags</include>
        <include>Furniture_Weather</include>
        <control type="grouplist">
            <left>SidePad</left>
            <right>70a</right>
            <top>PosterPad</top>
            <height>PosterH</height>
            <itemgap>0</itemgap>
            <orientation>horizontal</orientation>
            <include content="NextAiredListGroupParam">
                <param name="id" value="200" />
                <param name="onleft" value="215" />
                <param name="onright" value="201" />
            </include>
            <include content="NextAiredListGroupParam">
                <param name="id" value="201" />
                <param name="onleft" value="200" />
                <param name="onright" value="202" />
            </include>
            <include content="NextAiredListGroupParam">
                <param name="id" value="202" />
                <param name="onleft" value="201" />
                <param name="onright" value="203" />
            </include>
            <include content="NextAiredListGroupParam">
                <param name="id" value="203" />
                <param name="onleft" value="202" />
                <param name="onright" value="204" />
            </include>
            <include content="NextAiredListGroupParam">
                <param name="id" value="204" />
                <param name="onleft" value="203" />
                <param name="onright" value="205" />
            </include>
            <include content="NextAiredListGroupParam">
                <param name="id" value="205" />
                <param name="onleft" value="204" />
                <param name="onright" value="206" />
            </include>
            <include content="NextAiredListGroupParam">
                <param name="id" value="206" />
                <param name="onleft" value="205" />
                <param name="onright" value="207" />
            </include>
            <include content="NextAiredListGroupParam">
                <param name="id" value="207" />
                <param name="onleft" value="206" />
                <param name="onright" value="208" />
            </include>
            <include content="NextAiredListGroupParam">
                <param name="id" value="208" />
                <param name="onleft" value="207" />
                <param name="onright" value="209" />
            </include>
            <include content="NextAiredListGroupParam">
                <param name="id" value="209" />
                <param name="onleft" value="208" />
                <param name="onright" value="210" />
            </include>
            <include content="NextAiredListGroupParam">
                <param name="id" value="210" />
                <param name="onleft" value="209" />
                <param name="onright" value="211" />
            </include>
            <include content="NextAiredListGroupParam">
                <param name="id" value="211" />
                <param name="onleft" value="210" />
                <param name="onright" value="212" />
            </include>
            <include content="NextAiredListGroupParam">
                <param name="id" value="212" />
                <param name="onleft" value="211" />
                <param name="onright" value="213" />
            </include>
            <include content="NextAiredListGroupParam">
                <param name="id" value="213" />
                <param name="onleft" value="212" />
                <param name="onright" value="214" />
            </include>
            <include content="NextAiredListGroupParam">
                <param name="id" value="214" />
                <param name="onleft" value="213" />
                <param name="onright" value="215" />
            </include>
            <include content="NextAiredListGroupParam">
                <param name="id" value="215" />
                <param name="onleft" value="214" />
                <param name="onright" value="200" />
            </include>
        </control>

    </controls>
</window>
