<?xml version="1.0" encoding="UTF-8"?>
<!-- Foundation -->
<includes>

    <include name="View_59_BannerWall">
        <control type="group">
            <include>Animation.Common</include>
            <visible>Control.IsVisible(59)</visible>
            <control type="panel" id="59">
                <visible>Container.Content(movies) | Container.Content(tvshows)</visible>
                <top>200</top>
                <right>70</right>
                <left>70</left>
                <height>666</height>
                <onleft condition="!Skin.HasSetting(global.kioskmode)">9000</onleft>
                <onright>60</onright>
                <onup>59</onup>
                <ondown>59</ondown>
                <preloaditems>2</preloaditems>
                <pagecontrol>60</pagecontrol>
                <viewtype label="31244">list</viewtype>
                <scrolltime tween="quadratic">400</scrolltime>
                <itemlayout height="133" width="593">
                    <control type="image">
                        <left>0</left>
                        <top>6</top>
                        <right>0</right>
                        <bottom>0</bottom>
                        <texture border="10">common/nofocus-shadow10.png</texture>
                    </control>
                    <control type="image">
                        <left>10</left>
                        <top>16</top>
                        <right>10</right>
                        <bottom>10</bottom>
                        <aspectratio scalediffuse="false">scale</aspectratio>
                        <texture diffuse="diffuse/wall-fanart.png" background="true">$VAR[BannerImage]</texture>
                    </control>

                    <control type="image">
                        <centerright>32</centerright>
                        <centertop>38</centertop>
                        <width>32</width>
                        <height>32</height>
                        <aspectratio aligny="top">keep</aspectratio>
                        <texture colordiffuse="$VAR[ColorHighlight]">$VAR[PosterPercentWatchedBacking]</texture>
                        <visible>!stringcompare(ListItem.Label,..)</visible>

                    </control>
                    <control type="image">
                        <centerright>32</centerright>
                        <centertop>38</centertop>
                        <width>32</width>
                        <height>32</height>
                        <aspectratio aligny="top">keep</aspectratio>
                        <texture>$VAR[PosterPercentWatched]</texture>
                        <visible>!stringcompare(ListItem.Label,..)</visible>

                    </control>
                </itemlayout>
                <focusedlayout height="133" width="593">
                    <control type="image">
                        <left>0</left>
                        <top>6</top>
                        <right>0</right>
                        <bottom>0</bottom>
                        <texture border="10">common/nofocus-shadow10.png</texture>
                    </control>
                    <control type="image">
                        <left>10</left>
                        <top>16</top>
                        <right>10</right>
                        <bottom>10</bottom>
                        <aspectratio scalediffuse="false">scale</aspectratio>
                        <texture diffuse="diffuse/wall-fanart.png" background="true">$VAR[BannerImage]</texture>
                    </control>

                    <control type="image">
                        <centerright>32</centerright>
                        <centertop>38</centertop>
                        <width>32</width>
                        <height>32</height>
                        <aspectratio aligny="top">keep</aspectratio>
                        <texture colordiffuse="$VAR[ColorHighlight]">$VAR[PosterPercentWatchedBacking]</texture>
                        <visible>!stringcompare(ListItem.Label,..)</visible>

                    </control>
                    <control type="image">
                        <centerright>32</centerright>
                        <centertop>38</centertop>
                        <width>32</width>
                        <height>32</height>
                        <aspectratio aligny="top">keep</aspectratio>
                        <texture>$VAR[PosterPercentWatched]</texture>
                        <visible>!stringcompare(ListItem.Label,..)</visible>

                    </control>
                    <control type="image">
                        <left>3</left>
                        <top>9</top>
                        <right>3</right>
                        <bottom>3</bottom>
                        <texture colordiffuse="$VAR[ColorHighlight]" border="20">common/selectbox.png</texture>
                        <animation type="Focus">
                            <effect type="zoom" start="90" end="100" time="150" tween="sine" easing="inout" center="auto" />
                            <effect type="fade" start="0" end="100" time="150" tween="sine" easing="in" />
                        </animation>
                        <animation type="Unfocus">
                            <effect type="zoom" start="100" end="90" time="150" tween="sine" easing="inout" center="auto" />
                            <effect type="fade" start="100" end="0" time="150" tween="sine" easing="out" />
                        </animation>
                    </control>

                </focusedlayout>
            </control>
            <include>Furniture_Scrollbar</include>

        </control>
    </include>
</includes>
