<?xml version="1.0" encoding="UTF-8"?>
<!-- Foundation -->
<includes>
    <include name="53Content">
        <height>1080</height>
        <visible>substring(Container.FolderPath,plugin://plugin.program.advanced.launcher/,left) | Container.Content(musicvideos) | Container.Content(movies) | Container.Content(tvshows) | Container.Content(sets) | Container.Content(seasons)</visible>
        <posy>96</posy>
        <posx>-190</posx>
        <width>2300</width>
        <onup condition="!Skin.HasSetting(global.kioskmode)">9000</onup>
        <ondown>60</ondown>
        <onleft>53</onleft>
        <onright>53</onright>
        <focusposition>1</focusposition>
        <preloaditems>0</preloaditems>
        <pagecontrol>60</pagecontrol>
        <orientation>horizontal</orientation>
        <viewtype label="538">list</viewtype>
        <scrolltime tween="quadratic">400</scrolltime>
        <itemlayout width="270">
            <control type="group">

                <animation effect="Conditional" condition="true">
                    <effect type="zoom" end="60" time="0" center="213,452" />
                </animation>
                <control type="image">
                    <top>PosterH</top>
                    <width>PosterW</width>
                    <height>PosterH</height>
                    <aspectratio align="center" aligny="center" scalediffuse="false">scale</aspectratio>
                    <texture flipy="true" diffuse="diffuse/listposter-ref.png" background="true">$VAR[PosterImage]</texture>
                    <visible>Skin.HasSetting(show.reflections)</visible>
                </control>
                <control type="image">
                    <centertop>PosterH</centertop>
                    <width>PosterW</width>
                    <height>48</height>
                    <aspectratio>stretch</aspectratio>
                    <texture>diffuse/shadowspot.png</texture>
                </control>

                <control type="image">
                    <width>PosterW</width>
                    <height>PosterH</height>
                    <aspectratio align="center" aligny="center" scalediffuse="false">scale</aspectratio>
                    <texture diffuse="diffuse/listposter.png" background="true">$VAR[PosterImage]</texture>
                </control>
                <control type="group">
                    <visible>!stringcompare(ListItem.Label,..)</visible>

                    <control type="image">
                        <left>379</left>
                        <centertop>32</centertop>
                        <width>32</width>
                        <height>32</height>
                        <aspectratio aligny="top">keep</aspectratio>
                        <texture colordiffuse="$VAR[ColorHighlight]">$VAR[PosterPercentWatchedBacking]</texture>
                    </control>
                    <control type="image">
                        <left>379</left>
                        <centertop>32</centertop>
                        <width>32</width>
                        <height>32</height>
                        <aspectratio aligny="top">keep</aspectratio>
                        <texture>$VAR[PosterPercentWatched]</texture>
                    </control>
                </control>
                <control type="image">
                    <left>-24</left>
                    <top>-24</top>
                    <width>PosterShadowW</width>
                    <height>PosterShadowH</height>
                    <texture border="32">common/shadow-24.png</texture>
                </control>
            </control>
        </itemlayout>

        <focusedlayout width="300">
            <control type="group">
                <posy>120</posy>
                <animation condition="Container(53).OnNext | Container(53).OnPrevious" effect="zoom" start="60" end="100" delay="0" time="350" tween="sine" easing="out" center="213,276">Focus</animation>
                <animation condition="Container(53).OnNext | Container(53).OnPrevious" effect="zoom" start="100" end="60" delay="0" time="250" tween="sine" easing="out" center="213,276">UnFocus</animation>
                <control type="image">
                    <top>PosterH</top>
                    <width>PosterW</width>
                    <height>PosterH</height>
                    <aspectratio align="center" aligny="center" scalediffuse="false">scale</aspectratio>
                    <texture flipy="true" diffuse="diffuse/listposter-ref.png" background="true">$VAR[PosterImage]</texture>
                    <visible>Skin.HasSetting(show.reflections)</visible>
                </control>
                <control type="image">
                    <centertop>PosterH</centertop>
                    <width>PosterW</width>
                    <height>48</height>
                    <aspectratio>stretch</aspectratio>
                    <texture>diffuse/shadowspot.png</texture>
                </control>
                <control type="image">
                    <width>PosterW</width>
                    <height>PosterH</height>
                    <aspectratio align="center" aligny="center" scalediffuse="false">scale</aspectratio>
                    <texture diffuse="diffuse/listposter.png" background="true">$VAR[PosterImage]</texture>
                </control>
                <control type="group">
                    <visible>!stringcompare(ListItem.Label,..)</visible>


                  <control type="image">
                        <left>379</left>
                        <centertop>32</centertop>
                        <width>32</width>
                        <height>32</height>
                        <aspectratio aligny="top">keep</aspectratio>
                        <texture colordiffuse="$VAR[ColorHighlight]">$VAR[PosterPercentWatchedBacking]</texture>
                    </control>
                    <control type="image">
                        <left>379</left>
                        <centertop>32</centertop>
                        <width>32</width>
                        <height>32</height>
                        <aspectratio aligny="top">keep</aspectratio>
                        <texture>$VAR[PosterPercentWatched]</texture>
                    </control>
                </control>
                <control type="image">
                    <left>-24</left>
                    <top>-24</top>
                    <width>PosterShadowW</width>
                    <height>PosterShadowH</height>
                    <texture border="32">common/shadow-24.png</texture>
                </control>

            </control>
        </focusedlayout>
    </include>
    <include name="53Wrap"><control type="wraplist" id="53"><include>53Content</include></control></include>
    <include name="53Fixed"><control type="fixedlist" id="53"><include>53Content</include></control></include>
    <include name="View_53_Poster">
        <description>List View (id=53)</description>
        <control type="group">
            <include>Animation.Common</include>
            <visible>Control.IsVisible(53)</visible>
            <include condition="!Skin.HasSetting(53poster.nowrap)">53Wrap</include>
            <include condition="Skin.HasSetting(53poster.nowrap)">53Fixed</include>

            <control type="group">
                <animation effect="fade" condition="!Control.HasFocus(60)" time="200" start="100" end="0">Conditional</animation>
                <include>Furniture_Scrollbar_Horizontal</include>
            </control>


            <control type="grouplist">
                <left>540</left>
                <right>SidePad</right>
                <top>690</top>
                <orientation>vertical</orientation>
                <visible>![Container(53).OnNext | Container(53).OnPrevious]</visible>
                <animation effect="fade" start="0" end="100" delay="450" time="250" reversible="false">Visible</animation>
                <control type="label">
                    <font>SmallBold</font>
                    <label>$INFO[ListItem.Label]</label>
                    <textcolor>Dark1</textcolor>
                    <height>35</height>
                    <aligny>top</aligny>
                </control>
                <control type="label">
                    <font>Tiny</font>
                    <label>$VAR[LabelGenre]</label>
                    <textcolor>Dark1</textcolor>
                    <height>42</height>
                    <aligny>top</aligny>
                </control>
                <control type="textbox">
                    <font>Tiny</font>
                    <label>$VAR[LabelPlotBox]</label>
                    <textcolor>Dark2</textcolor>
                    <height>68</height>
                    <align>justify</align>
                </control>
            </control>
        </control>
    </include>

</includes>

