<?xml version="1.0.2" encoding="UTF-8" standalone="yes"?>
<addon id="plugin-video-AndyWizard" name="AndyWizard" version="2.0.4" provider-name="SimpleKodi">
  <requires>
    <import addon="xbmc.python" version="2.1.0"/>
  </requires>
  <extension point="xbmc.python.pluginsource" library="default.py">
        <provides>video executable</provides>
  </extension>
  <extension point="xbmc.addon.metadata">
    <summary lang="en">AndyWizard</summary>
    <description lang="en">Best Kodi Tutorials</description>
	<website>http://SimpleKodi.com</website>
    <platform>all</platform>
  </extension>
</addon>
