<?xml version="1.0.2" encoding="UTF-8" standalone="yes"?>
<addon id="plugin-video-AndyWizard.16.X" name="AndyWizard" version="2.0.6" provider-name="AndyKodi">
  <requires>
    <import addon="xbmc.python" version="2.1.0"/>
  </requires>
  <extension point="xbmc.python.pluginsource" library="default.py">
        <provides>video executable</provides>
  </extension>
  <extension point="xbmc.addon.metadata">
    <summary lang="en">AndyWizard.16.X</summary>
    <description lang="en">Best Kodi Tutorials</description>
	<screenshot>resources/screenshots/FTV.png</screenshot>
	<screenshot>resources/screenshots/AEON.png</screenshot>
	<website></website>
    <platform>all</platform>
  </extension>
</addon>
