<?xml version="1.0" encoding="UTF-8"?>
<window>
    <coordinates>
        <left>410</left>
        <top>100</top>
    </coordinates>
    <controls>
        <control type="group">
            <control type="image">
                <left>0</left>
                <top>0</top>
                <width>1182</width>
                <height>894</height>
                <texture border="2">Background/ContentPanel.png</texture>
            </control>
            <control type="image" id="101">
                <left>15</left>
                <top>15</top>
                <width>1152</width>
                <height>864</height>
				<align>center</align>
                <aligny>center</aligny>
            </control>
            <control type="label" id="102">
                <description>header label</description>
                <posx>80</posx>
                <posy>50</posy>
                <width>1064</width>
                <height>20</height>
                <font>font60</font>
				
                <label></label>
                <align>center</align>
                <aligny>center</aligny>
            </control>
            <control type="textbox" id="103">
                <left>0</left>
                <top>150</top>
                <width>1164</width>
                <height>980</height>
                <font>font15</font>
                <align>center</align>
                <aligny>0</aligny>
            </control>
        </control>
        <control type="group">
            <control type="button" id="201">
                <left>150</left>
                <top>730</top>
                <width>310</width>
                <height>60</height>
                <font>font20</font>
                <textcolor>FFF0F0F0</textcolor>
				<textoffsetx>20</textoffsetx>
                <label>Build Menu</label>
                <align>center</align>
                <aligny>center</aligny>
                <texturefocus colordiffuse="FF12B2E7">Button/testbuttonfo.png</texturefocus>
                <texturenofocus>Button/testbuttonnf.png</texturenofocus>
                <onleft>202</onleft>
                <onright>202</onright>
            </control>
            <control type="button" id="202">
                <left>680</left>
                <top>730</top>
                <width>310</width>
                <height>60</height>
                <font>font15</font>
                <textcolor>FFF0F0F0</textcolor>
                <textoffsetx>20</textoffsetx>
                <label>Weiter</label>
                <align>center</align>
                <aligny>center</aligny>
                <texturefocus colordiffuse="FF12B2E7">Button/testbuttonfo.png</texturefocus>
                <texturenofocus>Button/testbuttonnf.png</texturenofocus>
                <onleft>201</onleft>
                <onright>201</onright>
            </control>
        </control>
    </controls>
</window>
