<?xml version="1.0" encoding="UTF-8"?>
<template>
    <other include="widget-classic">
        <property name="content" tag="property" attribute="name|widgetPath" />
        <property name="content">$VAR[DefWidgetContent]</property>
        <property name="target" tag="property" attribute="name|widgetTarget" />

        <controls>
            <control type="list" id="301">
                <skinshortcuts>visibility</skinshortcuts>
                <description>Plugin Content Widget</description>
                <left>70</left>
                <right>70</right>
                <top>20</top>
                <bottom>20</bottom>
                <oninfo condition="IsEmpty(Container(301).ListItem.TvShowTitle) + IsEmpty(Container(301).ListItem.Artist)">RunScript(script.extendedinfo,info=extendedinfo,name=$INFO[Container(301).ListItem.Title],imdb_id=$INFO[Container(301).ListItem.IMDBNumber])</oninfo>
                <oninfo condition="!IsEmpty(Container(301).ListItem.TvShowTitle)">RunScript(script.extendedinfo,info=extendedtvinfo,name=$INFO[Container(301).ListItem.TvShowTitle],imdb_id=$INFO[Container(301).ListItem.IMDBNumber])</oninfo>
                <onup condition="IsEmpty(Container(300).ListItem.Property(widget))">303</onup>
                <onup condition="!IsEmpty(Container(300).ListItem.Property(widget))">300</onup>
                <ondown>300</ondown>
                <onback>300</onback>
                <onleft>301</onleft>
                <onright>301</onright>
                <preloaditems>2</preloaditems>
                <orientation>horizontal</orientation>
                <autoscroll time="10000">!Control.HasFocus(301)</autoscroll>
                <scrolltime tween="quadratic">400</scrolltime>
                <itemlayout width="178" height="257" condition="!StringCompare(Container(300).ListItem.Property(widgetaspect),Square) + ![StringCompare(Container(300).ListItem.Property(widgetaspect),Fanart) | StringCompare(Container(300).ListItem.Property(widgetaspect),Thumbnail)]">
                    <control type="image">
                        <left>10</left>
                        <right>10</right>
                        <bottom>10</bottom>
                        <top>10</top>
                        <aspectratio scalediffuse="false">scale</aspectratio>
                        <texture diffuse="diffuse/wall.png" fallback="DefaultAddonNone.png" background="true">$VAR[PosterImage]</texture>
                    </control>
                </itemlayout>
                <focusedlayout width="178" height="257" condition="!StringCompare(Container(300).ListItem.Property(widgetaspect),Square) + ![StringCompare(Container(300).ListItem.Property(widgetaspect),Fanart) | StringCompare(Container(300).ListItem.Property(widgetaspect),Thumbnail)]">
                    <control type="image">
                        <left>10</left>
                        <right>10</right>
                        <bottom>10</bottom>
                        <top>10</top>
                        <aspectratio scalediffuse="false">scale</aspectratio>
                        <texture diffuse="diffuse/wall.png" fallback="DefaultAddonNone.png" background="true">$VAR[PosterImage]</texture>
                    </control>
                    <control type="image">
                        <visible>Control.HasFocus(301)</visible>
                        <left>3</left>
                        <top>3</top>
                        <right>3</right>
                        <bottom>3</bottom>
                        <texture colordiffuse="$VAR[ColorHighlight]" border="20">common/selectbox.png</texture>
                        <animation type="Focus">
                            <effect type="zoom" start="90" end="100" time="150" tween="sine" easing="inout" center="auto" />
                            <effect type="fade" start="0" end="100" time="150" tween="sine" easing="in" />
                        </animation>
                        <animation type="Unfocus">
                            <effect type="zoom" start="100" end="90" time="150" tween="sine" easing="inout" center="auto" />
                            <effect type="fade" start="100" end="0" time="150" tween="sine" easing="out" />
                        </animation>
                    </control>
                </focusedlayout>
                <itemlayout width="254" height="257" condition="StringCompare(Container(300).ListItem.Property(widgetaspect),Square)">
                    <control type="image">
                        <centerleft>50%</centerleft>
                        <width>237</width>
                        <bottom>10</bottom>
                        <top>10</top>
                        <aspectratio scalediffuse="false">scale</aspectratio>
                        <texture diffuse="diffuse/wall.png" fallback="DefaultAddonNone.png" background="true">$VAR[PosterImage]</texture>
                    </control>
                </itemlayout>
                <focusedlayout width="254" height="257" condition="StringCompare(Container(300).ListItem.Property(widgetaspect),Square)">
                    <control type="image">
                        <centerleft>50%</centerleft>
                        <width>237</width>
                        <bottom>10</bottom>
                        <top>10</top>
                        <aspectratio scalediffuse="false">scale</aspectratio>
                        <texture diffuse="diffuse/wall.png" fallback="DefaultAddonNone.png" background="true">$VAR[PosterImage]</texture>
                    </control>
                    <control type="image">
                        <visible>Control.HasFocus(301)</visible>
                        <left>3</left>
                        <top>3</top>
                        <right>3</right>
                        <bottom>3</bottom>
                        <texture colordiffuse="$VAR[ColorHighlight]" border="20">common/selectbox.png</texture>
                        <animation type="Focus">
                            <effect type="zoom" start="90" end="100" time="150" tween="sine" easing="inout" center="auto" />
                            <effect type="fade" start="0" end="100" time="150" tween="sine" easing="in" />
                        </animation>
                        <animation type="Unfocus">
                            <effect type="zoom" start="100" end="90" time="150" tween="sine" easing="inout" center="auto" />
                            <effect type="fade" start="100" end="0" time="150" tween="sine" easing="out" />
                        </animation>
                    </control>
                </focusedlayout>
                <itemlayout width="445" height="257" condition="[StringCompare(Container(300).ListItem.Property(widgetaspect),Fanart) | StringCompare(Container(300).ListItem.Property(widgetaspect),Thumbnail)]">
                    <control type="image">
                        <centerleft>50%</centerleft>
                        <width>425</width>
                        <bottom>10</bottom>
                        <top>10</top>
                        <aspectratio scalediffuse="false">scale</aspectratio>
                        <texture diffuse="diffuse/wall.png" fallback="DefaultAddonNone.png" background="true">$VAR[WidgetThumbImage]</texture>
                    </control>
                </itemlayout>
                <focusedlayout width="445" height="257" condition="[StringCompare(Container(300).ListItem.Property(widgetaspect),Fanart) | StringCompare(Container(300).ListItem.Property(widgetaspect),Thumbnail)]">
                    <control type="image">
                        <centerleft>50%</centerleft>
                        <width>425</width>
                        <bottom>10</bottom>
                        <top>10</top>
                        <aspectratio scalediffuse="false">scale</aspectratio>
                        <texture diffuse="diffuse/wall.png" fallback="DefaultAddonNone.png" background="true">$VAR[WidgetThumbImage]</texture>
                    </control>
                    <control type="image">
                        <visible>Control.HasFocus(301)</visible>
                        <left>3</left>
                        <top>3</top>
                        <right>3</right>
                        <bottom>3</bottom>
                        <texture colordiffuse="$VAR[ColorHighlight]" border="20">common/selectbox.png</texture>
                        <animation type="Focus">
                            <effect type="zoom" start="90" end="100" time="150" tween="sine" easing="inout" center="auto" />
                            <effect type="fade" start="0" end="100" time="150" tween="sine" easing="in" />
                        </animation>
                        <animation type="Unfocus">
                            <effect type="zoom" start="100" end="90" time="150" tween="sine" easing="inout" center="auto" />
                            <effect type="fade" start="100" end="0" time="150" tween="sine" easing="out" />
                        </animation>
                    </control>
                </focusedlayout>
                <content limit="$VAR[DefWidgetLimit]" target="$SKINSHORTCUTS[target]">$SKINSHORTCUTS[content]</content>
            </control>
        </controls>
    </other>
    <other include="widget-featured">
        <property name="content" tag="property" attribute="name|widgetPath" />
        <property name="content">$VAR[DefWidgetContent]</property>
        <property name="target" tag="property" attribute="name|widgetTarget" />
        <controls>
            <control type="wraplist" id="301">
                <skinshortcuts>visibility</skinshortcuts>
                <description>Widget</description>
                <width>1</width>
                <height>1</height>
                <oninfo condition="IsEmpty(Container(301).ListItem.TvShowTitle) + IsEmpty(Container(301).ListItem.Artist)">RunScript(script.extendedinfo,info=extendedinfo,name=$INFO[Container(301).ListItem.Title],imdb_id=$INFO[Container(301).ListItem.IMDBNumber])</oninfo>
                <oninfo condition="!IsEmpty(Container(301).ListItem.TvShowTitle)">RunScript(script.extendedinfo,info=extendedtvinfo,name=$INFO[Container(301).ListItem.TvShowTitle],imdb_id=$INFO[Container(301).ListItem.IMDBNumber])</oninfo>
                <onup condition="IsEmpty(Container(300).ListItem.Property(widget))">303</onup>
                <onup condition="!IsEmpty(Container(300).ListItem.Property(widget))">300</onup>
                <ondown>300</ondown>
                <onback>300</onback>
                <onleft>301</onleft>
                <onright>301</onright>
                <preloaditems>2</preloaditems>
                <orientation>horizontal</orientation>
                <autoscroll time="10000">!Control.HasFocus(301)</autoscroll>
                <scrolltime tween="quadratic">0</scrolltime>
                <include>Animation.FadeIn</include>
                <include>Animation.FadeOut</include>
                <itemlayout width="1" height="1">
                </itemlayout>
                <focusedlayout width="1" height="1">
                </focusedlayout>
                <content limit="$VAR[DefWidgetLimit]" target="$SKINSHORTCUTS[target]">$SKINSHORTCUTS[content]</content>
            </control>
        </controls>
    </other>
    <other include="widget-vertical">
        <property name="content" tag="property" attribute="name|widgetPath" />
        <property name="content">$VAR[DefWidgetContent]</property>
        <property name="target" tag="property" attribute="name|widgetTarget" />
        <controls>
            <control type="fixedlist" id="301">
                <skinshortcuts>visibility</skinshortcuts>
                <visible>!substring(Container(300).ListItem.Property(widget),Weather,left)</visible>
                <animation effect="fade" start="100" end="66" time="400" condition="!Control.HasFocus(301)">Conditional</animation>
                <autoscroll time="10000">!Control.HasFocus(301) + !Skin.HasSetting(NoAutoScroll)</autoscroll>
                <top>330</top>
                <left>518</left>
                <width>1776</width>
                <height>325</height>
                <onright>noop</onright>
                <onback condition="!Integer.IsEqual(Container(301).Position,0) | Container(301).HasPrevious">PageUp</onback>
                <onback condition="!Integer.IsEqual(Container(301).Position,0) | Container(301).HasPrevious">PageUp</onback>
                <onback condition="!Integer.IsEqual(Container(301).Position,0) | Container(301).HasPrevious">PageUp</onback>
                <onback condition="Integer.IsEqual(Container(301).Position,0) + !Container(301).HasPrevious">300</onback>
                <onleft>300</onleft>
                <onup>300</onup>
                <ondown>300</ondown>
                <oninfo condition="IsEmpty(Container(301).ListItem.TvShowTitle) + IsEmpty(Container(301).ListItem.Artist)">RunScript(script.extendedinfo,info=extendedinfo,name=$INFO[Container(301).ListItem.Title],imdb_id=$INFO[Container(301).ListItem.IMDBNumber])</oninfo>
                <oninfo condition="!IsEmpty(Container(301).ListItem.TvShowTitle)">RunScript(script.extendedinfo,info=extendedtvinfo,name=$INFO[Container(301).ListItem.TvShowTitle],imdb_id=$INFO[Container(301).ListItem.IMDBNumber])</oninfo>
                <focusposition>0</focusposition>
                <preloaditems>2</preloaditems>
                <orientation>horizontal</orientation>
                <pagecontrol>60</pagecontrol>
                <viewtype label="536">list</viewtype>
                <scrolltime tween="quadratic">400</scrolltime>
                <itemlayout height="325" width="222" condition="!StringCompare(Container(300).ListItem.Property(widgetaspect),Square) + ![StringCompare(Container(300).ListItem.Property(widgetaspect),Fanart) | StringCompare(Container(300).ListItem.Property(widgetaspect),Thumbnail)]">
                    <control type="image">
                        <left>0</left>
                        <top>0</top>
                        <right>0</right>
                        <bottom>0</bottom>
                        <texture border="10">common/nofocus-shadow10.png</texture>
                    </control>
                    <control type="image">
                        <left>10</left>
                        <top>10</top>
                        <right>10</right>
                        <bottom>10</bottom>
                        <aspectratio scalediffuse="false">scale</aspectratio>
                        <texture diffuse="diffuse/wall.png" background="true" fallback="DefaultMovies.png">$VAR[PosterImage]</texture>
                    </control>
                    <control type="image">
                        <centerright>32</centerright>
                        <centertop>32</centertop>
                        <width>32</width>
                        <height>32</height>
                        <aspectratio aligny="top">keep</aspectratio>
                        <texture>$VAR[PercentWatched]</texture>
                        <visible>!stringcompare(ListItem.Label,..)</visible>
                        <visible>stringcompare(ListItem.Overlay,OverlayWatched.png)</visible>
                    </control>
                </itemlayout>
                <itemlayout height="325" width="325" condition="StringCompare(Container(300).ListItem.Property(widgetaspect),Square)">
                    <control type="image">
                        <left>0</left>
                        <top>0</top>
                        <right>0</right>
                        <bottom>0</bottom>
                        <texture border="10">common/nofocus-shadow10.png</texture>
                    </control>
                    <control type="image">
                        <left>10</left>
                        <top>10</top>
                        <right>10</right>
                        <bottom>10</bottom>
                        <aspectratio scalediffuse="false">scale</aspectratio>
                        <texture diffuse="diffuse/wall.png" background="true" fallback="DefaultMovies.png">$VAR[PosterImage]</texture>
                    </control>
                    <control type="image">
                        <centerright>32</centerright>
                        <centertop>32</centertop>
                        <width>32</width>
                        <height>32</height>
                        <aspectratio aligny="top">keep</aspectratio>
                        <texture>$VAR[PercentWatched]</texture>
                        <visible>!stringcompare(ListItem.Label,..)</visible>
                        <visible>stringcompare(ListItem.Overlay,OverlayWatched.png)</visible>
                    </control>
                </itemlayout>
                <itemlayout height="325" width="562" condition="StringCompare(Container(300).ListItem.Property(widgetaspect),Thumbnail) | StringCompare(Container(300).ListItem.Property(widgetaspect),Fanart)">
                    <control type="image">
                        <left>0</left>
                        <top>0</top>
                        <right>0</right>
                        <bottom>0</bottom>
                        <texture border="10">common/nofocus-shadow10.png</texture>
                    </control>
                    <control type="image">
                        <left>10</left>
                        <top>10</top>
                        <right>10</right>
                        <bottom>10</bottom>
                        <aspectratio scalediffuse="false">scale</aspectratio>
                        <texture diffuse="diffuse/wall.png" background="true" fallback="DefaultMovies.png">$VAR[WidgetThumbImage]</texture>
                    </control>
                    <control type="image">
                        <centerright>32</centerright>
                        <centertop>32</centertop>
                        <width>32</width>
                        <height>32</height>
                        <aspectratio aligny="top">keep</aspectratio>
                        <texture>$VAR[PercentWatched]</texture>
                        <visible>!stringcompare(ListItem.Label,..)</visible>
                        <visible>stringcompare(ListItem.Overlay,OverlayWatched.png)</visible>
                    </control>
                </itemlayout>
                <focusedlayout height="325" width="222" condition="!StringCompare(Container(300).ListItem.Property(widgetaspect),Square) + ![StringCompare(Container(300).ListItem.Property(widgetaspect),Fanart) | StringCompare(Container(300).ListItem.Property(widgetaspect),Thumbnail)]">
                    <control type="image">
                        <left>0</left>
                        <top>0</top>
                        <right>0</right>
                        <bottom>0</bottom>
                        <texture border="10">common/nofocus-shadow10.png</texture>
                    </control>
                    <control type="image">
                        <left>10</left>
                        <top>10</top>
                        <right>10</right>
                        <bottom>10</bottom>
                        <aspectratio scalediffuse="false">scale</aspectratio>
                        <texture diffuse="diffuse/wall.png" background="true" fallback="DefaultMovies.png">$VAR[PosterImage]</texture>
                    </control>
                    <control type="image">
                        <centerright>32</centerright>
                        <centertop>32</centertop>
                        <width>32</width>
                        <height>32</height>
                        <aspectratio aligny="top">keep</aspectratio>
                        <texture>$VAR[PercentWatched]</texture>
                        <visible>!stringcompare(ListItem.Label,..)</visible>
                        <visible>stringcompare(ListItem.Overlay,OverlayWatched.png)</visible>
                    </control>
                    <control type="image">
                        <left>3</left>
                        <top>3</top>
                        <right>3</right>
                        <bottom>3</bottom>
                        <texture colordiffuse="$VAR[ColorHighlight]" border="20">common/selectbox.png</texture>
                        <visible>Control.HasFocus(301)</visible>
                        <animation type="Focus">
                            <effect type="zoom" start="90" end="100" time="150" tween="sine" easing="inout" center="auto" />
                            <effect type="fade" start="0" end="100" time="150" tween="sine" easing="in" />
                        </animation>
                        <animation type="Unfocus">
                            <effect type="zoom" start="100" end="90" time="150" tween="sine" easing="inout" center="auto" />
                            <effect type="fade" start="100" end="0" time="150" tween="sine" easing="out" />
                        </animation>
                    </control>

                </focusedlayout>
                <focusedlayout height="325" width="325" condition="StringCompare(Container(300).ListItem.Property(widgetaspect),Square)">
                    <control type="image">
                        <left>0</left>
                        <top>0</top>
                        <right>0</right>
                        <bottom>0</bottom>
                        <texture border="10">common/nofocus-shadow10.png</texture>
                    </control>
                    <control type="image">
                        <left>10</left>
                        <top>10</top>
                        <right>10</right>
                        <bottom>10</bottom>
                        <aspectratio scalediffuse="false">scale</aspectratio>
                        <texture diffuse="diffuse/wall.png" background="true" fallback="DefaultMovies.png">$VAR[PosterImage]</texture>
                    </control>
                    <control type="image">
                        <centerright>32</centerright>
                        <centertop>32</centertop>
                        <width>32</width>
                        <height>32</height>
                        <aspectratio aligny="top">keep</aspectratio>
                        <texture>$VAR[PercentWatched]</texture>
                        <visible>!stringcompare(ListItem.Label,..)</visible>
                        <visible>stringcompare(ListItem.Overlay,OverlayWatched.png)</visible>
                    </control>
                    <control type="image">
                        <left>3</left>
                        <top>3</top>
                        <right>3</right>
                        <bottom>3</bottom>
                        <texture colordiffuse="$VAR[ColorHighlight]" border="20">common/selectbox.png</texture>
                        <visible>Control.HasFocus(301)</visible>
                        <animation type="Focus">
                            <effect type="zoom" start="90" end="100" time="150" tween="sine" easing="inout" center="auto" />
                            <effect type="fade" start="0" end="100" time="150" tween="sine" easing="in" />
                        </animation>
                        <animation type="Unfocus">
                            <effect type="zoom" start="100" end="90" time="150" tween="sine" easing="inout" center="auto" />
                            <effect type="fade" start="100" end="0" time="150" tween="sine" easing="out" />
                        </animation>
                    </control>

                </focusedlayout>
                <focusedlayout height="325" width="562" condition="StringCompare(Container(300).ListItem.Property(widgetaspect),Thumbnail) | StringCompare(Container(300).ListItem.Property(widgetaspect),Fanart)">
                    <control type="image">
                        <left>0</left>
                        <top>0</top>
                        <right>0</right>
                        <bottom>0</bottom>
                        <texture border="10">common/nofocus-shadow10.png</texture>
                    </control>
                    <control type="image">
                        <left>10</left>
                        <top>10</top>
                        <right>10</right>
                        <bottom>10</bottom>
                        <aspectratio scalediffuse="false">scale</aspectratio>
                        <texture diffuse="diffuse/wall.png" background="true" fallback="DefaultMovies.png">$VAR[WidgetThumbImage]</texture>
                    </control>
                    <control type="image">
                        <centerright>32</centerright>
                        <centertop>32</centertop>
                        <width>32</width>
                        <height>32</height>
                        <aspectratio aligny="top">keep</aspectratio>
                        <texture>$VAR[PercentWatched]</texture>
                        <visible>!stringcompare(ListItem.Label,..)</visible>
                        <visible>stringcompare(ListItem.Overlay,OverlayWatched.png)</visible>
                    </control>
                    <control type="image">
                        <left>3</left>
                        <top>3</top>
                        <right>3</right>
                        <bottom>3</bottom>
                        <texture colordiffuse="$VAR[ColorHighlight]" border="20">common/selectbox.png</texture>
                        <visible>Control.HasFocus(301)</visible>
                        <animation type="Focus">
                            <effect type="zoom" start="90" end="100" time="150" tween="sine" easing="inout" center="auto" />
                            <effect type="fade" start="0" end="100" time="150" tween="sine" easing="in" />
                        </animation>
                        <animation type="Unfocus">
                            <effect type="zoom" start="100" end="90" time="150" tween="sine" easing="inout" center="auto" />
                            <effect type="fade" start="100" end="0" time="150" tween="sine" easing="out" />
                        </animation>
                    </control>

                </focusedlayout>
                <content limit="$VAR[DefWidgetLimit]" target="$SKINSHORTCUTS[target]">$SKINSHORTCUTS[content]</content>
            </control>
        </controls>
    </other>
</template>
