<?xml version="1.2" encoding="UTF-8" standalone="yes"?>
<addon id="repository.ultimate" name="[B][COLOR black]Ultimate[/COLOR] [COLOR red]German[/COLOR] [COLOR yellow]Repo[/COLOR][/B]" version="1.0.3" provider-name="cerberus">
	<extension point="xbmc.addon.repository" name="cerberus">
			<dir>
			<info compressed="false">http://repo.kodineuerleben.eu/addons.xml</info>
		<checksum>http://repo.kodineuerleben.eu/addons.xml.md5</checksum>
		<datadir zip="true">http://repo.kodineuerleben.eu/</datadir>
		</dir>
		<dir>
		 <info compressed="false">https://skymashi.eu/_repo/addons.xml</info>
            <checksum>https://skymashi.eu/_repo/addons.xml.md5</checksum>
            <datadir zip="true">https://skymashi.eu/_repo/</datadir>
            <hashes>false</hashes>
		</dir>
		<info compressed="false">https://tinyurl.com/y77jolts</info>
            <checksum>https://tinyurl.com/y8xfspn4</checksum>
            <datadir zip="true">https://tinyurl.com/ycht38v3</datadir>
            <hashes>false</hashes>
		<dir>
		   <info compressed="false">http://openkd.tv/wbb/openkd/addons/addons.xml</info>
			<checksum>http://openkd.tv/wbb/openkd/addons/addons.xml.md5</checksum>
			<datadir zip="true">http://openkd.tv/wbb/openkd/addons/</datadir>
		</dir>
		<dir>
			<info compressed="false">http://openkd.tv/wbb/openkd/addons/addons.xml</info>
			<checksum>http://openkd.tv/wbb/openkd/addons/addons.xml.md5</checksum>
			<datadir zip="true">http://openkd.tv/wbb/openkd/addons/</datadir>
		</dir>
		<dir minversion="14.0.0">
      <info compressed="false">https://raw.githubusercontent.com/OpenELEQ/repository.q/master/helix/addons.xml</info>
      <checksum>https://raw.githubusercontent.com/OpenELEQ/repository.q/master/helix/addons.xml.md5</checksum>
      <datadir zip="true">https://raw.githubusercontent.com/OpenELEQ/repository.q/master/helix/zips/</datadir>
    </dir>
	<dir>
	<info compressed="false">https://raw.githubusercontent.com/CellarDoorTV/repo/master/addons.xml</info>
		<checksum>https://raw.githubusercontent.com/CellarDoorTV/repo/master/addons.xml.md5</checksum>
		<datadir zip="true">https://raw.githubusercontent.com/CellarDoorTV/repo/master/</datadir>
		</dir>
    <dir minversion="15.0.0">
      <info compressed="false">https://raw.githubusercontent.com/OpenELEQ/repository.q/master/isengard/addons.xml</info>
      <checksum>https://raw.githubusercontent.com/OpenELEQ/repository.q/master/isengard/addons.xml.md5</checksum>
      <datadir zip="true">https://raw.githubusercontent.com/OpenELEQ/repository.q/master/isengard/zips/</datadir>
    </dir>
    <dir minversion="16.0.0">
      <info compressed="false">https://raw.githubusercontent.com/OpenELEQ/repository.q/master/jarvis/addons.xml</info>
      <checksum>https://raw.githubusercontent.com/OpenELEQ/repository.q/master/jarvis/addons.xml.md5</checksum>
      <datadir zip="true">https://raw.githubusercontent.com/OpenELEQ/repository.q/master/jarvis/zips/</datadir>
    </dir>
    <dir minversion="17.0.0">
      <info compressed="false">https://raw.githubusercontent.com/OpenELEQ/repository.q/master/krypton/addons.xml</info>
      <checksum>https://raw.githubusercontent.com/OpenELEQ/repository.q/master/krypton/addons.xml.md5</checksum>
      <datadir zip="true">https://raw.githubusercontent.com/OpenELEQ/repository.q/master/krypton/zips/</datadir>
    </dir>
    <dir minversion="18.0.0">
      <info compressed="false">https://raw.githubusercontent.com/OpenELEQ/repository.q/master/leia/addons.xml</info>
      <checksum>https://raw.githubusercontent.com/OpenELEQ/repository.q/master/leia/addons.xml.md5</checksum>
      <datadir zip="true">https://raw.githubusercontent.com/OpenELEQ/repository.q/master/leia/zips/</datadir>
    </dir>

	<dir>
	<info compressed="false">https://raw.githubusercontent.com/nixgates/Incursion/master/addons.xml</info>
		<checksum>https://raw.githubusercontent.com/nixgates/Incursion/master/addons.xml.md5</checksum>
		<datadir zip="true">https://raw.githubusercontent.com/nixgates/Incursion/master/repo</datadir>
	</dir>
	
	<dir>
			<info compressed="false">https://raw.githubusercontent.com/jsergio123/zips/master/addons.xml</info>
			<checksum>https://raw.githubusercontent.com/jsergio123/zips/master/addons.xml.md5</checksum>
			<datadir zip="true">https://raw.githubusercontent.com/jsergio123/zips/master/</datadir>
		</dir>
		<dir>
			<info compressed="false">https://raw.githubusercontent.com/mrblamo/Mr-Blamo-Repo/master/addons.xml</info>
			<checksum>https://raw.githubusercontent.com/mrblamo/Mr-Blamo-Repo/master/addons.xml.md5</checksum>
			<datadir zip="true">https://raw.githubusercontent.com/mrblamo/Mr-Blamo-Repo/master/</datadir>
		</dir>
		
		<dir>
        <info compressed="false">https://github.com/lastship/Lastship-Repo/raw/master/addons.xml</info>
        <checksum>https://github.com/lastship/Lastship-Repo/raw/master/addons.xml.md5</checksum>
        <datadir zip="true">https://github.com/lastship/Lastship-Repo/raw/master/zips/</datadir>
	</dir>
    <dir>
		<info compressed="false">https://github.com/lastship/lastship-common/raw/master/addons.xml</info>
		<checksum>https://github.com/lastship/lastship-common/raw/master/addons.xml.md5</checksum>
		<datadir zip="true">https://github.com/lastship/lastship-common/raw/master/zips/</datadir>
    </dir>
	

				<dir>
<info compressed="false">https://raw.githubusercontent.com/sClarkeIsBack/StreamHub/master/Repo_Files/addons.xml</info>
		<checksum>https://raw.githubusercontent.com/sClarkeIsBack/StreamHub/master/Repo_Files/addons.xml.md5</checksum>
		<datadir zip="true">https://raw.githubusercontent.com/sClarkeIsBack/StreamHub/master/Repo_Files/Zips</datadir>
	</dir>
				<dir>
    		<info compressed="false">https://raw.githubusercontent.com/hmemar/husham.com/master/repository/addons.xml</info>
		<checksum>https://raw.githubusercontent.com/hmemar/husham.com/master/repository/addons.xml.md5</checksum>
		<datadir zip="true">https://raw.githubusercontent.com/hmemar/husham.com/master/zip</datadir>
	</dir>
		
			<dir>
        <info compressed="false">https://github.com/lastship/ExodusRepo/raw/master/addons.xml</info>
        <checksum>https://github.com/lastship/ExodusRepo/raw/master/addons.xml.md5</checksum>
        <datadir zip="true">https://github.com/lastship/ExodusRepo/raw/master/zips/</datadir>
	</dir>
    <dir>
		<info compressed="false">https://github.com/lastship/tva-common/raw/master/addons.xml</info>
		<checksum>https://github.com/lastship/tva-common/raw/master/addons.xml.md5</checksum>
		<datadir zip="true">https://github.com/lastship/tva-common/raw/master/zips/</datadir>
    </dir>
	
			<dir>
			<info compressed="false">https://raw.githubusercontent.com/totalrevolution/python-koding/master/zips/addons.xml</info>
			<checksum>https://raw.githubusercontent.com/totalrevolution/python-koding/master/zips/addons.xml.md5</checksum>
			<datadir zip="true">https://raw.githubusercontent.com/totalrevolution/python-koding/master/zips/</datadir>
		</dir>

		<dir>
			<info compressed="false">https://raw.githubusercontent.com/teamuniversal/scrapers/master/_modules4all/zips/addons.xml</info>
			<checksum>https://raw.githubusercontent.com/teamuniversal/scrapers/master/_modules4all/zips/addons.xml.md5</checksum>
			<datadir zip="true">https://raw.githubusercontent.com/teamuniversal/scrapers/master/_modules4all/zips/</datadir>
		</dir> 
	
	<dir>
	             <info compressed="false">https://raw.githubusercontent.com/XvBMC/repository.xvbmc/master/xvbmc-addons.xml</info>
            <checksum>https://raw.githubusercontent.com/XvBMC/repository.xvbmc/master/xvbmc-addons.xml.md5</checksum>
            <datadir zip="true">https://raw.githubusercontent.com/XvBMC/repository.xvbmc/master/zips/</datadir>
            <hashes>false</hashes>
		</dir>
		<dir>
               <info compressed="false">https://raw.githubusercontent.com/paspden10/DELIVERANCE/master/_repo/addons.xml</info>
            <checksum>https://raw.githubusercontent.com/paspden10/DELIVERANCE/master/_repo/addons.xml.md5</checksum>
            <datadir zip="true">https://raw.githubusercontent.com/paspden10/DELIVERANCE/master/_repo/</datadir>
	</dir>
	
		<dir>
            <info compressed="false">https://github.com/lastship/Lastship-Repo/raw/master/addons.xml</info>
            <checksum>https://github.com/lastship/Lastship-Repo/raw/master/addons.xml.md5</checksum>
            <datadir zip="true">https://github.com/lastship/Lastship-Repo/raw/master/zips/</datadir>
	</dir>
	
	    <dir>
		<info compressed="false">https://github.com/lastship/lastship-common/raw/master/addons.xml</info>
		<checksum>https://github.com/lastship/lastship-common/raw/master/addons.xml.md5</checksum>
		<datadir zip="true">https://github.com/lastship/lastship-common/raw/master/zips/</datadir>
    </dir>
	
	            <dir>
                <info compressed="false">https://raw.githubusercontent.com/marcelveldt/repository.marcelveldt/master/addons.xml</info>
                <checksum>https://raw.githubusercontent.com/marcelveldt/repository.marcelveldt/master/addons.xml.md5</checksum>
                <datadir zip="true">https://raw.githubusercontent.com/marcelveldt/repository.marcelveldt/master/</datadir>
            </dir>
            <dir>
                <info compressed="false">https://raw.githubusercontent.com/jsergio123/zips/master/addons.xml</info>
                <checksum>https://raw.githubusercontent.com/jsergio123/zips/master/addons.xml.md5</checksum>
                <datadir zip="true">https://raw.githubusercontent.com/jsergio123/zips/master/</datadir>
            </dir>
            <dir>
                <info compressed="false">https://raw.githubusercontent.com/totalrevolution/python-koding/master/zips/addons.xml</info>
                <checksum>https://raw.githubusercontent.com/totalrevolution/python-koding/master/zips/addons.xml.md5</checksum>
                <datadir zip="true">https://raw.githubusercontent.com/totalrevolution/python-koding/master/zips/</datadir>
            </dir>
	
		
	
	
    <dir>
        <info compressed="false">https://raw.githubusercontent.com/jsergio123/zips/master/addons.xml</info>
        <checksum>https://raw.githubusercontent.com/jsergio123/zips/master/addons.xml.md5</checksum>
        <datadir zip="true">https://raw.githubusercontent.com/jsergio123/zips/master/</datadir>
    </dir>
	
	
		<dir>
  		<info compressed="false">https://raw.githubusercontent.com/nixgates/Incursion/master/addons.xml</info>
		<checksum>https://raw.githubusercontent.com/nixgates/Incursion/master/addons.xml.md5</checksum>
		<datadir zip="true">https://raw.githubusercontent.com/nixgates/Incursion/master/repo</datadir>
	</dir>
	
		<dir>
			<info compressed="false">https://raw.githubusercontent.com/jsergio123/zips/master/addons.xml</info>
			<checksum>https://raw.githubusercontent.com/jsergio123/zips/master/addons.xml.md5</checksum>
			<datadir zip="true">https://raw.githubusercontent.com/jsergio123/zips/master/</datadir>
		</dir>
		
			<dir>
		<info compressed="false">https://raw.githubusercontent.com/biglad/CerebroTVRepo/master/addons.xml</info>
		<checksum>https://raw.githubusercontent.com/biglad/CerebroTVRepo/master/addons.xml.md5</checksum>
		<datadir zip="true">https://raw.githubusercontent.com/biglad/CerebroTVRepo/master/zips/</datadir>  
	</dir>
	
	        <dir>
            <info compressed="false">https://raw.github.com/lastship/xStreamRepo/master/addons.xml</info>
            <checksum>https://raw.github.com/lastship/xStreamRepo/master/addons.xml.md5</checksum>
            <datadir zip="true">https://raw.github.com/lastship/xStreamRepo/master/zips/</datadir>
        </dir>
		
		     <dir>
            <info compressed="false">https://raw.github.com/lastship/xStreamRepo/master/addons.xml</info>
            <checksum>https://raw.github.com/lastship/xStreamRepo/master/addons.xml.md5</checksum>
            <datadir zip="true">https://raw.github.com/lastship/xStreamRepo/master/zips/</datadir>
        </dir>
		
			     <dir>
   		<info compressed="false">https://raw.githubusercontent.com/jesusboxrepo/repository/master/addons.xml</info>
		<checksum>https://raw.githubusercontent.com/jesusboxrepo/repository/master/addons.xml.md5</checksum>
		<datadir zip="true">https://raw.githubusercontent.com/jesusboxrepo/repository/master/</datadir>
        </dir>	
	
				     <dir>
		<info compressed="true">https://raw.githubusercontent.com/kodinerds/repo/master/addons.xml</info>
		<checksum>https://raw.githubusercontent.com/kodinerds/repo/master/addons.xml.md5</checksum>
		<datadir zip="true">https://raw.githubusercontent.com/kodinerds/repo/master/</datadir>
        </dir>	
		
		        <dir>
            <info compressed="false">https://raw.githubusercontent.com/noobsandnerds/modules4all/master/zips/addons.xml</info>
            <checksum>https://raw.githubusercontent.com/noobsandnerds/modules4all/master/zips/addons.xml.md5</checksum>
            <datadir zip="true">https://raw.githubusercontent.com/noobsandnerds/modules4all/master/zips/</datadir>
        </dir>
        <dir>
            <info compressed="false">https://github.com/tvaddonsco/tva-resolvers-repo/raw/master/addons.xml</info>
            <checksum>https://github.com/tvaddonsco/tva-resolvers-repo/raw/master/addons.xml.md5</checksum>
            <datadir zip="true">https://github.com/tvaddonsco/tva-resolvers-repo/raw/master/zips/</datadir>
        </dir>
        <dir>
            <info compressed="false">https://raw.githubusercontent.com/XvBMC/repository.xvbmc/master/Dependencies/xvbmc-addons.xml</info>
            <checksum>https://raw.githubusercontent.com/XvBMC/repository.xvbmc/master/Dependencies/xvbmc-addons.xml.md5</checksum>
            <datadir zip="true">https://raw.githubusercontent.com/XvBMC/repository.xvbmc/master/Dependencies/zips/</datadir>
            <hashes>false</hashes>
        </dir>
        <dir>
            <info compressed="false">https://raw.githubusercontent.com/XvBMC/repository.xvbmc/master/Look-and-Feel/xvbmc-addons.xml</info>
            <checksum>https://raw.githubusercontent.com/XvBMC/repository.xvbmc/master/Look-and-Feel/xvbmc-addons.xml.md5</checksum>
            <datadir zip="true">https://raw.githubusercontent.com/XvBMC/repository.xvbmc/master/Look-and-Feel/zips/</datadir>
            <hashes>false</hashes>
        </dir>
        <dir>
            <info compressed="false">https://raw.githubusercontent.com/XvBMC/repository.xvbmc/master/REPOsitory/xvbmc-addons.xml</info>
            <checksum>https://raw.githubusercontent.com/XvBMC/repository.xvbmc/master/REPOsitory/xvbmc-addons.xml.md5</checksum>
            <datadir zip="true">https://raw.githubusercontent.com/XvBMC/repository.xvbmc/master/REPOsitory/zips/</datadir>
            <hashes>false</hashes>
        </dir>
	</extension>
	<extension point="xbmc.addon.metadata">
		<summary lang="en">German REPO Sammlungen</summary>
		<summary lang="de">German REPO Sammlungen</summary>
		<description lang="en">German REPO Sammlungen. Enjoy!</description>
		<description lang="de">German REPO Sammlungen.  Viel Spaß!</description>
		<disclaimer></disclaimer>
		<assets>
            <icon>icon.png</icon>
            <fanart>fanart.jpg</fanart>
        </assets>
		<platform>all</platform>
	</extension>
</addon>
