<?xml version="1.0" encoding="UTF-8" standalone="yes"?>
<addon id="repository.openkd.addons" name="[COLOR blue]Open[/COLOR][COLOR darkorange]KD[COLOR][COLOR red]Repository[/COLOR]" version="1.0.5" provider-name="[COLOR blue]OpenKD Team[/COLOR]">
    <extension point="xbmc.addon.repository" name="[COLOR blue]OpenKD Repository[/COLOR]">
        <info compressed="false">http://openkd.tv/wbb/openkd/addons/addons.xml</info>
        <checksum>http://openkd.tv/wbb/openkd/addons/addons.xml.md5</checksum>
        <datadir zip="true">http://openkd.tv/wbb/openkd/addons/</datadir>
    </extension>
    <extension point="xbmc.addon.metadata">
        <summary>[COLOR lime]OpenKD-Repository[/COLOR]</summary>
        <description>OpenKD 
https://www.facebook.com/OpenKD</description>
        <platform>all</platform>
    </extension>
</addon>