<?xml version="1.0" encoding="UTF-8" standalone="yes"?>
<addon id="script.BloodmoonVIP" name="BloodmoonVIP Editor" version="1.0.3" provider-name="Bloodmoon">
	<requires>
		<import addon="xbmc.python" version="2.20.0" />
		<import addon="pvr.BloodmoonIPTV" version="1.0.0" />
	</requires>
	<extension point="xbmc.python.script" library="addon.py" />
	<extension point="xbmc.addon.metadata">
		<summary lang="en">Xtream Editor</summary>
		<summary lang="de">Xtream Editor</summary>	
		<description lang="en">Set M3U and EPG Link from the Xtream Editor easy into the PVR IPTV Simple Client</description>
		<description lang="de">M3U und EPG Link vom Xtream Editor einfach in den PVR IPTV Simple Client einfügen</description>
		<language></language>
        <platform>all</platform>
        <license></license>
        <forum></forum>
        <website>https://xtream-editor.com</website>
        <email>support@xtream-editor.com</email>
        <source></source>
	</extension>
</addon>