<?xml version="1.0" encoding="UTF-8"?>
<addon id="plugin.video.tata_to_tv"
       name="[COLOR lime]TATA.TO - TV[/COLOR]"
	   version="1.0.3"
	   provider-name="Loki1979">
    <requires>
        <import addon="xbmc.python" version="2.1.0" />
    </requires>
    <extension point="xbmc.python.pluginsource" library="default.py">
        <provides>video</provides>
    </extension>
    <extension point="xbmc.addon.metadata">
        <platform>all</platform>
        <summary>TATA.TO - TV</summary>
        <language></language>
        <description>TATA.TO : 
https://www.tata.to</description>
        <platform>all</platform>
    </extension>
</addon>
