<?xml version="1.0" encoding="UTF-8" standalone="yes"?>
<addon id="plugin.program.OsirisWizard" name="Osiris Wizard" version="0.1.0" provider-name="Rubberduck">
  <requires>
    <import addon="xbmc.python" version="2.1.0"/>
  </requires>
  <extension point="xbmc.python.pluginsource" library="default.py">
    <provides>executable</provides>
  </extension>
  <extension point="xbmc.service" library="startup.py" start="startup" />
  <extension point="xbmc.addon.metadata">
    <summary lang="en">Osiris Wizard</summary>
    <description lang="en">
	v. 0.0.7
+ Repo instalation hinzugefügt
	
	v. 0.0.5
+ Benachrichtigung hinzugefügt
+ Wizard auf Deutsch gestellt
+ Speedtest hinzugefügt
+ APP und ROM Downloader hinzugefügt
+ Wizard update benachrichtigung</description>
    <platform>all</platform>
  </extension>
</addon>