﻿<?xml version="1.0" encoding="UTF-8" standalone="yes"?>
<addon id="repository.MadHouse" version="1.0.2.2" name="Mad House Repository" provider-name="Mr Hatter">
	<extension point="xbmc.addon.repository" name="Mad House Repository">
		<dir>
			<info compressed="false">https://raw.githubusercontent.com/tvaddonsco/tva-resolvers-repo/master/addons.xml</info>
			<checksum>https://raw.githubusercontent.com/tvaddonsco/tva-resolvers-repo/master/addons.xml.md5</checksum>
			<datadir zip="true">https://raw.githubusercontent.com/tvaddonsco/tva-resolvers-repo/master/zips/</datadir>
		</dir>
		<info compressed="false">http://cru-cial-minds.com/MadHouse/texts/addons.xml</info>
		<checksum>http://cru-cial-minds.com/MadHouse/texts/addons.xml.md5</checksum>
		<datadir zip="true">http://cru-cial-minds.com/MadHouse/files/</datadir>
	</extension>
	<extension point="xbmc.addon.metadata">
		<summary lang="en">Mad Housed repository</summary>
		<description lang="en">Mad House repository</description>
		<platform>all</platform>
    <assets>
        <icon>icon.gif</icon>
        <fanart>fanart.jpg</fanart>      
    </assets>
	</extension>
</addon>

