<?xml version="1.0" encoding="utf-8" standalone="yes"?>
<channel>
	<id>eredivisieclubs</id>
	<name>Eredivisie Clubs</name>

	<active>true</active>
	<adult>false</adult>
	<language>nl</language>

	<fanart>http://i.imgur.com/uiNS6Ei.png</fanart>
	<thumbnail>http://i.imgur.com/ZNk3lMu.png</thumbnail>
	<bannermenu></bannermenu>

	<update_url></update_url>
	<version>1</version>
	<date>8/8/2017</date>
	<changes>Version</changes>

	<categories>
		<category>sport</category>	
	</categories>

</channel>
