<?xml version="1.0" encoding="utf-8" standalone="yes"?>
<channel>
	<id>fhe</id>
	<name>FHE Streams</name>

	<active>true</active>
	<adult>false</adult>
	<language>nl</language>

	<fanart>http://sebn.me/images/photos/bg-blurred.jpg</fanart>
	<thumbnail>https://www.fhe.sc/wp-content/uploads/2017/04/cropped-logo-1.png</thumbnail>
	<bannermenu></bannermenu>

	<update_url></update_url>
	<version>1</version>
	<date>8/8/2017</date>
	<changes>Version</changes>

	<categories>
		<category>live</category>	
	</categories>

</channel>
