<?xml version="1.0" encoding="utf-8" standalone="yes"?>
<channel>
	<id>telesport</id>
	<name>Telesport</name>

	<active>true</active>
	<adult>false</adult>
	<language>nl</language>

	<fanart></fanart>
	<thumbnail>http://www.proefabonnementtelegraaf.nl/wp-content/uploads/2016/09/telegraaf-sport-logo.png</thumbnail>
	<bannermenu></bannermenu>

	<update_url></update_url>
	<version>1</version>
	<date>8/8/2017</date>
	<changes>Version</changes>

	<categories>
		<category>sport</category>	
	</categories>

</channel>
