<?xml version="1.0" encoding="utf-8" standalone="yes"?>
<channel>
	<id>vi</id>
	<name>Voetbal Inside</name>

	<active>true</active>
	<adult>false</adult>
	<language>nl</language>

	<fanart>http://i.imgur.com/0LJ9Vh0.jpg</fanart>
	<thumbnail>http://i.imgur.com/qsveenv.jpg</thumbnail>
	<bannermenu></bannermenu>

	<update_url></update_url>
	<version>1</version>
	<date>8/8/2017</date>
	<changes>Version</changes>

	<categories>
		<category>sport</category>	
	</categories>

</channel>
