<?xml version="1.0" encoding="UTF-8" standalone="yes"?>
<addon id="plugin.video.Andy.Wizard.17" name="[COLOR steelblue]And[/COLOR]y [COLOR steelblue]WIZARD[/COLOR] Kodi 17" version="1.0.6" >
  <requires>
    <import addon="xbmc.python" version="2.1.0"/>
  </requires>
  <extension point="xbmc.python.pluginsource" library="default.py">
        <provides>video executable</provides>
  </extension>
  <extension point="xbmc.addon.metadata">
    <summary lang="en">Andy-Wizard-17</summary>
    <description lang="en">
</description>
    <platform>all</platform>
  </extension>
</addon>
