<?xml version="1.0.2" encoding="UTF-8" standalone="yes"?>
<addon id="plugin-video-AndyWizard.17.X" name="[COLOR steelblue]Andy[/COLOR]KD [COLOR steelblue]WIZARD[/COLOR] Kodi 17.[COLOR]X[/COLOR]" version="1.0.1" provider-name="AndyKodi">
  <requires>
    <import addon="xbmc.python" version="2.1.0"/>
  </requires>
  <extension point="xbmc.python.pluginsource" library="default.py">
        <provides>video executable</provides>
  </extension>
  <extension point="xbmc.addon.metadata">
    <summary lang="en">AndyWizard.17.X</summary>
    <description lang="en">Best Kodi Tutorials</description>
	<assets>
		<icon>icon.png</icon>
		<fanart>fanart.gif</fanart>
	<screenshot>resources/screenshot/1.png</screenshot>
	<screenshot>resources/screenshot/2.png</screenshot>
	<screenshot>resources/screenshot/3.png</screenshot>
	</assets>
	
	<website></website>
    <platform>all</platform>
  </extension>
</addon>
