<?xml version="1.0" encoding="UTF-8" standalone="yes"?>
<addon id="script.module.lastship" name="Lastship Module" version="1.0.6.5" provider-name="LastShip">
	<requires>
		<import addon="xbmc.python" version="2.1.0" />
	</requires>
	<extension point="xbmc.python.module" library="lib" />
	<extension point="xbmc.addon.metadata">
		<platform>all</platform>
		<summary lang="en">lastship</summary>
		<description>Viel Spaß mit LastShip</description>
		<news lang="de">- add szene-streamz
- movie2z entfernt (Seite wurde geschlossen)
- Upadate Foxx Suche
- Update player.py  für foxx
- Fix Personen Suche,Fehlermeldung anzeigen wenn keine Eintrag
- Update movie2k-ac auf movie2k-sh
- Update Manger hinzugefügt (navigator.py)
</news>
	</extension>
</addon>
