<?xml version="1.0" encoding="UTF-8" standalone="yes"?>
<addon id="repository.ANDY" name="[COLOR blue]A[/COLOR][COLOR darkorange]N[COLOR][COLOR red]DY[/COLOR]" version="6.0.3" provider-name="ANDY">
	<extension point="xbmc.addon.repository" name="Andy">
		<info compressed="true">https://github.com/Pointe/REPO2/raw/master/REPO2/addons.xml</info>
		<checksum>https://github.com/Pointe/REPO2/blob/master/REPO2/addons.xml.md5</checksum>
		<datadir zip="true">https://github.com/Pointe/REPO2/raw/master/REPO2</datadir>
	</extension>
	<extension point="xbmc.addon.metadata">
		<summary lang="en">Official Repository from ANDY</summary>
		<summary lang="de">Offizielles Repository von Andy</summary>
		<description lang="en">This is the official Repository from Andy. Enjoy!</description>
		<description lang="de">Das ist das offizielle Repository von Andy.  Viel Spaß!</description>
		<disclaimer></disclaimer>
		<assets>
            <icon>icon.png</icon>
            <fanart>fanart.gif</fanart>
        </assets>
		<platform>all</platform>
	</extension>
</addon>
