<?xml version="1.6.2" encoding="UTF-8" standalone="yes"?>
<addon id="plugin.video.unlimited"
       name="UNLIMITED-IPTV"
       version="1.0"
       provider-name="UNLIMITED-IPTV">
  <requires>
    <import addon="xbmc.python" version="2.1.0"/>
  </requires>
  <extension point="xbmc.python.pluginsource"
            library="default.py">
        <provides>video</provides>
  </extension>
  <extension point="xbmc.addon.metadata">
    <summary lang="en">UNLIMITED-IPTV</summary>
    <language>en</language>
    <description lang="en">UNLIMITED-IPTV addon To be used with most playlist. edited by OpenKD</description>
     <platform>all</platform>
  </extension>
</addon>
