<?xml version="1.0" encoding="UTF-8" standalone="yes"?>
<addon id="script.module.placenta" name="Placenta Module" version="1.2.2" provider-name="Team Afterbirth">
	<requires>
		<import addon="xbmc.python" version="2.1.0" />
	</requires>
	<extension point="xbmc.python.module" library="lib" />
	<extension point="xbmc.addon.metadata">
		<platform>all</platform>
		<summary lang="en">Placenta</summary>
		<description>Covenant Fork from Echo/Colossus era with Team Afterbirth's updates and new code.</description>
        <disclaimer lang="en">The author is not responsible for the use of this addon. The author is not responsible for the content found using this addon. The author does not host or own any content found within this addon.
The author is in no way affiliated with Kodi, Team Kodi, or the XBMC Foundation.
This is a Non-profit resource, organized solely for educational purposes which is protected under the Fair-Use doctrine of the Copyright Act, Specifically section 107, which does promote freedom of expression, by permitting the unlicensed use of copyright-protected works.</disclaimer>
        <license>Beerware rev. 42</license>
	</extension>
</addon>