<?xml version="1.0" encoding="UTF-8" standalone="yes"?>
<addon id="repository.Bloodmoon" name="[COLOR red]BLOODMOON[/COLOR]- Repo" version="1.0.0" provider-name="Rubberduck">

<requires>
	
		<import addon="repository.Osiris" version="1.0.0" />
	</requires>
	
	<extension point="xbmc.addon.repository" name="Rubberduck">
		<info compressed="true">https://github.com/Pointe/REPO2/blob/master/Bloodmoon/addons.xml</info>
		<checksum>https://github.com/Pointe/REPO2/blob/master/Bloodmoon/addons.xml.md5</checksum>
		<datadir zip="true">https://github.com/Pointe/REPO2/blob/master/Bloodmoon</datadir>
	</extension>
	<extension point="xbmc.addon.metadata">
		<summary lang="en">Official Repository from Rubberduck</summary>
		<summary lang="de">Offizielles Repository von Rubberduck</summary>
		<description lang="en">This is the official Repository from Rubberduck. Enjoy!</description>
		<description lang="de">Das ist das offizielle Repository von Rubberduck.  Viel Spaß!</description>
		<disclaimer></disclaimer>
		<assets>
            <icon>icon.png</icon>
            <fanart>splash.png</fanart>
        </assets>
		<platform>all</platform>
	</extension>
</addon>
