<?xml version="1.0" encoding="UTF-8" standalone="yes"?>
<addon id="repository.ANDY" name="[COLOR blue]A[/COLOR][COLOR darkorange]N[COLOR][COLOR red]DY[/COLOR]" version="6.0.1" provider-name="L0RE">
	<extension point="xbmc.addon.repository" name="L0RE">
		<info compressed="true">https://github.com/Pointe/REPO2/raw/master/REPO2/addons.xml</info>
		<checksum>https://github.com/Pointe/REPO2/blob/master/REPO2/addons.xml.md5</checksum>
		<datadir zip="true">https://github.com/Pointe/REPO2/raw/master/REPO2</datadir>
	</extension>
	<extension point="xbmc.addon.metadata">
		<summary lang="en">Official Repository of Kodinerds</summary>
		<summary lang="de">Offizielles Repository der Kodinerds</summary>
		<description lang="en">This is the official Repository of the german Community 'Kodinerds' which you'll find at www.kodinerds.net. Most of the hosted Addons are supported by the members of the Community. Enjoy!</description>
		<description lang="de">Das ist das offizielle Repository der deutschen Community 'Kodinerds', welche Du unter www.kodinerds.net findest. Die meisten der hier gehosteten Addons werden von den Mitgliedern der Community aktiv supported. Viel Spaß!</description>
		<disclaimer></disclaimer>
		<platform>all</platform>
	</extension>
</addon>
